Ranking,Address,Holdings,ZERROS1E1,ZERROS1E2,ZERROS1E3,ZERROS1E4,ZERROS1E5,ZERROS1E6,ZERROS1E7,ZERROS1E8,ZERROS1E9,ZERROS2E1,ZERROS2E2
1,0x5564Caa789AD35E72b1612D1Bf78dD295b24605b,45,0,0,0,0,0,0,0,0,0,0,45
2,0x2Aa7C65C086b70B6963f9506C179752F88Cb3d63,43,0,0,0,0,0,0,0,0,0,0,43
3,0x95668d6D37530A20bf4Bf09b08415f97dCC382D7,40,0,0,0,0,0,0,0,0,0,0,40
4,0x45fF97387f7190711b4C6982c0ff6e54cB7a9d8d,38,0,0,0,0,0,0,0,0,0,0,38
5,0xbB63203FA253B667F1d8D591954F5a14ba5613E2,30,3,3,3,3,2,2,4,2,2,2,4
6,0x54E5C66601b8e9386f0D74b4BD2932A3CFcDC833,12,1,0,0,0,0,0,0,0,0,0,11
7,0x6B98d8Fc150E7fb90798293FB03bB83f02Cf49BB,10,0,0,1,1,1,1,1,1,1,1,2
8,0x8655a759915442AB3b204B2290874249537d2e9C,10,0,0,1,1,1,1,1,1,1,2,1
9,0x52701f730076f36dE738ED4e61F2d31B08451b5C,9,0,0,1,1,1,1,1,1,1,1,1
10,0x54406a9c734Cd3589CbF1D36142FF8b30CAb54A0,9,0,0,1,1,1,1,1,1,1,1,1
11,0x8be9a90b8244e6bE816607D2100B9DbD6Cdb8f2F,9,0,0,1,1,1,1,1,1,1,1,1
12,0xaCCFE20Db5cb111f1d699F955Abf6A3EB3fFA5FE,9,0,0,1,1,1,1,1,1,1,1,1
13,0x226BBe2c666D06d51afE489b4354C25BD920E8cd,9,0,0,1,1,1,1,1,1,1,1,1
14,0x52474705f79882291030A8571EcfEccc01432a29,9,0,0,1,1,1,1,1,1,1,1,1
15,0x03Ba34f6Ea1496fa316873CF8350A3f7eaD317EF,9,0,0,1,1,1,1,1,1,1,1,1
16,0x100D5164fc8c65dF61FEA01330948f435bb12100,9,0,0,1,1,1,1,1,1,1,1,1
17,0x1666DF4981d2E27757c0831a3D421a0dC12D8c53,9,0,0,1,1,1,1,1,1,1,1,1
18,0xBE5B34087A392e8343Bc86D4Ef0CC42af5c20363,9,0,0,1,1,1,1,1,1,1,1,1
19,0x7c1A57a5Dd50F399a802A304a3E8955c8421D5e7,9,0,0,1,1,1,1,1,1,1,1,1
20,0xc8561CcE222c37B49F6De5F143f90090aa020BAB,9,0,0,1,1,1,1,1,1,1,1,1
21,0xd5815EFd9EabA1B5c0D631D4Fa49006F6224A059,9,0,0,1,1,1,1,1,1,1,1,1
22,0xDf846767d5Ec7324730ce13d1773C99e584AA64F,9,0,0,1,1,1,1,1,1,1,1,1
23,0x55078d42c77873910228B3D2F83cED132606dEf8,9,0,1,1,1,1,1,1,1,1,0,1
24,0xE7280b1f9416CA93AaEbcF51212A2D4a8cc8431b,9,0,0,1,1,1,2,1,1,1,0,1
25,0x3ae863E332a070A9D373105dAB58f80B0d4deaB0,8,0,0,1,1,1,1,1,1,0,1,1
26,0x7Edc87C05f1D2793759fAACbA829493A3b802Ee0,8,0,0,1,1,1,1,1,1,0,1,1
27,0x1a54C199D96b5b2Df4e73B73627D55153FD8213c,8,0,0,1,1,0,1,1,1,1,1,1
28,0xa31E78358C267Cc1041A68fbC7EE7ede04e82ee2,8,0,0,1,1,1,1,1,1,1,0,1
29,0xC0A2f5096D5Ddb2F05cae5C793aD1493A28d5321,8,0,0,2,0,1,1,0,1,1,1,1
30,0xAd52115f4B45fF0E976Ff6c11692b6aCBfFB3C0c,8,0,0,1,1,1,0,1,1,1,1,1
31,0xE9f2A91b26b7B11593a7cBcd7627041f20cF84a5,8,0,0,1,1,1,1,1,0,1,1,1
32,0xbea1417176F437ca17D23628E8952Bf2fa7240b2,8,3,2,2,1,0,0,0,0,0,0,0
33,0x1eb9C2902D597c383a0575Fc5c531E1169ac5a1e,7,0,0,1,0,1,1,1,0,1,1,1
34,0xd1E6fFb7Cb99E5aE9a2e989a590DAE3749799257,7,0,0,1,0,0,1,1,1,1,1,1
35,0x55D554BfdE1E61c72fa3C9059cDf3f739d92679a,7,0,0,1,1,1,1,0,1,1,0,1
36,0x15084F08B5Fc627F01f69ADBa994651962ab9c18,7,0,0,1,1,1,0,1,1,0,1,1
37,0x533e408C6f6267Ff008C7e22DA2Ec476e67cdad5,7,0,0,1,1,1,1,0,1,0,1,1
38,0x18a7f79cBE1EAB2B8d3F37c2851ea2ab65503438,7,0,0,1,1,1,1,0,0,0,2,1
39,0x84782Fc3ad4B67E3Dd0cD8e431862F913E8411fC,6,0,0,0,1,1,1,0,1,0,1,1
40,0xCcCE0cad424893Aa8756E4D28FcE3DD03d9615de,6,0,0,0,0,0,1,1,1,1,1,1
41,0xB241c99b4bAC18FF38117b106980064285Ae8C70,6,0,0,0,0,1,1,1,1,0,1,1
42,0x4b3C8E4F91f282293102f24e3De1408D7808392b,6,0,0,0,1,1,1,1,0,1,1,0
43,0x6e0BC4973da5eBC009bCc17A45FF103dF9F73839,6,0,0,1,0,1,1,1,0,0,1,1
44,0x6039c8D7dd98Ac2C48D9EE3fC026e016d18a665B,6,0,0,1,1,1,1,1,0,0,0,1
45,0x119334c3f45a0764a51F34fB761d5a2d874D66A3,6,0,0,0,0,0,1,1,1,1,1,1
46,0xa297bb9a7Aa2AEc77f62dCD93Ea6db256D8643db,6,0,0,0,0,0,1,1,1,1,1,1
47,0x1A30582Eeb589841c3412a46A7230eE052819732,5,0,0,1,1,0,0,0,0,0,1,2
48,0xE2592ddFe1FB7589D6D6559cE868FedCcf1bC874,5,0,0,1,1,1,0,0,0,0,1,1
49,0xB714fa495c0332b49D580F2aabD3dA667D068b0c,5,0,0,0,0,1,1,0,1,0,1,1
50,0x450dE4B3d03BbF433fB16d9f90af8d2F49CB1a0d,5,0,0,0,0,0,1,1,1,0,1,1
51,0xED3572a01c2313F85651153C0faf6fE46D4E799A,5,0,0,0,1,1,1,0,0,0,1,1
52,0x44157B6773D5aDD4ee5816b608E6976a6fA78a00,5,0,0,1,1,1,0,0,0,0,1,1
53,0x83DB77A8CDF334a40196B0c60EdA7614BA038920,5,0,0,0,0,1,1,1,0,1,0,1
54,0x34336280cf7Ae910924eaf16B5d67A010b4E68aB,5,0,0,0,1,0,1,1,1,1,0,0
55,0x4Aa61e2bf117996319eC90DC91F33B7299AB004f,5,0,0,1,1,0,0,1,0,0,1,1
56,0x9905A919bc98cf8f384F2B31EA3AD1b73e4969D2,5,0,0,0,1,1,1,0,0,0,1,1
57,0xEc1D90e7A7bf98f11e77D7Dc276AaC7102d7919e,5,0,0,0,1,1,1,0,0,0,1,1
58,0x5dCe4B40BCE0e3BfD9615003255D37b74bc24aaF,5,0,0,1,1,1,0,0,0,0,1,1
59,0xb3508ED0962fbFED89c2c18111311661eC67330f,5,0,0,1,0,0,0,1,0,1,1,1
60,0x47B31167740A3Df07B6d51B90F8CC0a9EFCB5642,5,0,0,0,1,1,1,0,0,1,0,1
61,0x563978F3a0A0fF66dD6a3aBCBc86e0270aFd18A4,5,0,0,0,0,0,1,1,0,1,1,1
62,0xCfA64A8cB9DD3B48F32e220091389090Af6B37C9,5,0,0,1,1,1,0,0,0,0,1,1
63,0x2fF61817Df011F87D0d83A834b6e0b52509fB20A,4,0,0,0,0,0,0,1,1,1,0,1
64,0xF473De0Df183cb762dd4817489D9357b0beB15fC,4,0,0,0,0,1,0,1,1,0,0,1
65,0x53bBc39559bC31078b179BdE59091A5495BF906e,4,0,0,1,0,0,0,1,1,0,0,1
66,0x3100EaeBD387ccd01161D40CFf0c70190DeAA735,4,0,0,1,0,1,0,0,0,0,1,1
67,0x9e98CF8724c57F05e16A9eE632E997dbFb2cd017,4,0,0,1,1,0,0,0,0,0,1,1
68,0x01851d51932c9Ee38EB791611AC12234aDf72Ba6,4,0,0,1,1,0,0,0,0,0,1,1
69,0xb8bbe8DFad6bA8F0E2fa28B29733B059F65A9971,4,0,0,1,1,1,0,0,0,0,0,1
70,0xFeeE79B218C005615b92f92D9b587F928541c7B1,4,0,0,0,0,1,1,0,0,0,1,1
71,0x828AE2080d961CfFF81e418089f1D01C08E6713F,4,0,0,0,0,0,1,0,1,0,1,1
72,0xB3a29E6bEe26663772e4d9d38b453a5ADd44433E,4,0,0,0,0,0,1,1,0,0,1,1
73,0xaa23a779E0E09B40efBc4a5D8539517ffb2E6eF3,4,0,0,0,0,0,1,0,1,1,0,1
74,0xdC06D8EaA3dC6C68a447849EDF0897E469386E67,4,0,0,0,0,0,1,1,0,1,0,1
75,0xD132021a6AFC6381dF8b1798b35f0CB9ff85aDd5,4,0,1,1,0,0,0,1,0,0,0,1
76,0xF8E72bb79B49BE05d2564c37d59040A7aC318983,4,0,0,1,0,0,0,1,0,0,1,1
77,0xb5e3c55c5d43E476fDA81f1202Fe55AE0b32dF3c,4,0,0,0,0,0,0,0,1,1,1,1
78,0x6cf0585bC2482CefC2Ef142E7A3D2AF6916370b4,3,0,0,0,0,1,0,0,0,0,1,1
79,0x3298aD531e6997D11A307de9dF5A208399708A59,3,0,0,0,0,0,1,0,0,0,1,1
80,0x351793eBe67956035889EA68b4CD3d64c58c52f7,3,0,0,0,0,0,0,1,0,0,1,1
81,0x4351b28c70FD7Ca621e0FA9A977ec58Ee89d2e81,3,0,0,0,0,0,0,1,0,0,1,1
82,0x78C00b4071022fcdEe732E4d5f72c02254c763D5,3,0,0,0,0,1,0,0,0,1,0,1
83,0x8C0FCbF9C406bc8173848dc36e1E6746B20a5256,3,0,0,0,0,0,0,0,0,1,1,1
84,0x783756A5eF088720D2a3296cdd5336659B2D0E67,3,0,0,0,0,0,0,1,0,0,1,1
85,0x132d50f1B98B9372e799a3F40a8Dac4215A28327,3,0,0,0,0,0,0,0,0,0,1,2
86,0x321700A6493F8865d7F5a541C7007C1Ff07D9370,3,0,0,0,0,0,0,0,0,0,1,2
87,0xa1E84210239baD5571171a8fe304A90E7Ffe5189,3,0,0,0,0,0,0,1,1,0,0,1
88,0x1aAC1E666A233239F66dfd6eCFAEF69D21dc95b3,3,0,0,0,0,0,1,0,1,0,0,1
89,0x9C64059AAa988a50C4F940ee6DE9AF029e7603Fd,3,0,0,0,0,0,0,0,1,0,1,1
90,0x1634B81565F5BCED47858519d7C47Fbfdb1ce743,3,0,0,0,0,0,0,0,1,1,0,1
91,0x5A27d268e830655E908a0a2C3B24F572695AF5e8,3,0,0,0,0,0,1,1,0,0,0,1
92,0xBc68e0750a6BDbC43FBd2538A76B0f4331850e93,3,0,0,0,0,0,0,1,0,0,1,1
93,0xA36480Aa30B54347E49c905d08979675f9074CcB,3,0,0,1,0,0,0,1,0,0,0,1
94,0x0000006c21964AF0d420af8992851A30fA13c68b,3,0,0,0,0,0,0,0,0,0,0,3
95,0x8AedA35240133B2b3a523396E8d0BA192571e49b,3,0,1,0,0,0,0,0,0,0,1,1
96,0x70a61D50BC3b6EE22d05eAc7f650b1EF83B477C3,3,0,0,0,0,0,0,0,0,0,0,3
97,0x91Dd8B49d4D6a1198D62e7042342d1164018f534,3,0,0,1,0,0,0,0,0,0,1,1
98,0x31545723006c0e2865e14BC31f53c6B33eB5Abe2,3,0,0,1,0,0,0,0,0,0,1,1
99,0x6eA1694604958A86dBf3d415671c7D8ffFFBf6B8,3,0,0,0,1,0,0,0,0,0,0,2
100,0x262575b7A7dBeC60d38a72A878c605A978e7cc91,3,0,0,1,0,0,0,0,0,0,1,1
101,0x4565ed8A7D0c039afA8DBaA4d4dD3F9662aCdfad,3,0,0,1,0,0,0,0,0,0,1,1
102,0x4abd7276C53279b3aBFFF2B5D8A47c0AFc84833B,3,0,0,1,1,0,0,0,0,0,0,1
103,0x4C489C8A23A3aD716D0674F334E11232369F8D0c,3,0,0,0,0,1,0,0,0,0,1,1
104,0xA3d4F0Bcf17475410Ae24938F29eAbC0934792d2,3,0,0,0,1,0,0,0,0,0,1,1
105,0x0c7fbf60D4ea0151b02bb7A672e79c48a58bA600,3,0,0,1,0,0,0,0,0,0,1,1
106,0x0fEB932dea33e50fc120E2E328BD6aB83CA3e325,3,0,0,1,0,1,0,0,0,0,1,0
107,0x24A976d6D462217A358FD0ae32FfA3e6e701af68,3,0,0,0,0,0,1,0,0,0,1,1
108,0x648126F8D457DA7C378b897f2042230Bf61ACAD2,3,0,0,1,0,0,0,0,0,0,1,1
109,0x296FE7B32881281Ad299ECC977803b855743eB5e,3,0,0,0,0,0,0,0,0,1,1,1
110,0xF7979Edf3139e557022c827aB08530a6838259B5,3,0,0,0,0,0,0,0,0,1,1,1
111,0xfC64bCa6F17459cFd77Fca8945e20B6867b4B054,3,0,0,0,0,0,0,0,0,0,2,1
112,0xe2e1C3895Da93E5e4ec7d2DC1d4dC809f3C87118,3,0,1,0,1,0,0,0,0,0,1,0
113,0xEA8Fe1B7a4bF7cB733393AC169160F4e696043D9,3,0,1,0,1,0,0,0,0,0,1,0
114,0xdd30CCDAdCc96b8c1BdFf21876e4e0Eefb36C23e,3,0,0,1,0,0,0,0,0,1,0,1
115,0xFa290A48fE91E57a492a17884DA9c61cd0371e21,3,0,0,1,0,0,0,0,0,0,1,1
116,0xD3283dA8F27f017147576699937fa8435daCfac9,3,0,0,0,0,0,0,1,0,0,1,1
117,0xd8135255bBa7D3af504446A04bF47d261Ba9679F,3,0,0,0,0,0,0,1,0,0,1,1
118,0x64AB6907a092Dd80Ea719c5685067d3311789eb8,3,0,0,0,0,0,0,0,0,1,1,1
119,0x01238bA1B264777c87Bc8e0d1dA19E923A5E178E,2,0,0,0,0,0,0,0,0,0,1,1
120,0x937e1b6fe9080AbcD01A7bBa50e9B516Ec731532,2,0,0,0,1,0,0,0,0,0,0,1
121,0xD921675afc975f82b9B0ddb5483EB742648FF795,2,0,0,0,1,0,0,0,0,0,0,1
122,0x29333633D180EB1310360B2eb31e1bABEcF71c97,2,0,0,0,0,0,0,0,0,0,1,1
123,0x1C708953c352C8a22E9f56676915f7358F41fC39,2,0,0,0,0,0,0,0,0,0,1,1
124,0x17352485A7B4533AFEc62dA15d492579BB83776e,2,0,0,0,0,0,0,0,0,0,1,1
125,0x0b45682592EdeEe7d44B14152ca60Db5a935f524,2,0,0,0,0,0,0,0,0,0,1,1
126,0x505216f954D09B868115B29F48cEabf5393e3faE,2,0,0,0,0,0,0,0,0,0,0,2
127,0xC5Db73CFaDb087932da65e12E8aFF608112aa66E,2,0,0,0,0,0,0,0,0,0,0,2
128,0xA886135Fb4Ed36BC0dAB295C0fde3dFCf516adc3,2,0,1,1,0,0,0,0,0,0,0,0
129,0x09c49b66c5814467670eAaE1d60c9b3048AfD3f2,2,0,0,0,0,0,0,0,0,0,0,2
130,0x04214beAF079B42121baf4F427067B3C4F725cd9,2,0,0,0,0,0,0,0,0,0,1,1
131,0x03AB1E5c81C1cBf7487e5D2331d3B7c80b8668b7,2,0,0,0,0,0,0,0,0,0,1,1
132,0x05D41274057A0eD09e4b65f8Ba8Fe3d452932925,2,0,0,0,0,0,0,0,0,0,1,1
133,0x07Dd47F0b09938E74B535174Aa1480102E1422FA,2,0,0,0,0,0,0,0,0,0,1,1
134,0x11682A2825eed5C468ef86752F0eA3a10EAA8a75,2,0,0,0,0,0,0,0,0,0,1,1
135,0x0A8E2BcEe9950019BF5eb1B96DD1747926F08fc5,2,0,0,0,0,0,0,0,0,0,1,1
136,0x07F646cE74932688d287F1aCDa9C6AF37ae8107e,2,0,0,0,0,0,0,0,0,0,1,1
137,0x07793e7Fb9D941668395C94f43dE18e174BC3faB,2,0,0,0,0,0,0,0,0,0,1,1
138,0x1AB9F277167711fd64f8fD018a5919003a470354,2,0,0,0,0,1,1,0,0,0,0,0
139,0x06a1E61244E6A55FD52375b3faB913Af9249952b,2,0,0,0,0,0,0,0,0,0,1,1
140,0x62F453aB77B0089D35ffAe553337825E43256583,2,0,0,1,0,0,0,0,0,0,1,0
141,0x8df4Dc31A6b32291296f3Ff2A8e891940159d1F8,2,0,0,0,0,0,1,0,0,0,1,0
142,0xC2495De4314fc492025dEE4376f7226da85b77AC,2,0,0,0,0,0,1,0,0,0,1,0
143,0xb8DeF7D02d947f7dE25EFA7BF895d1Bc897DA5c7,2,0,0,0,0,0,1,0,0,0,0,1
144,0xb87F1E64e409EDCC1a08189522c91161De19FaC0,2,0,0,0,0,0,0,1,0,0,0,1
145,0x5D2028Cb94970F2f455a05299dB8910daAFE064f,2,0,0,0,0,1,0,0,0,0,0,1
146,0x206d3122815Cc97c8B325ab8F521099A049b2705,2,0,0,0,0,0,0,0,0,0,1,1
147,0x2552934402f6670446D164B10807fBF501ef3d24,2,0,0,0,0,0,0,0,0,0,1,1
148,0xB6F3231ffD185e549d52024b24570De27c7F8d6E,2,0,0,0,0,0,0,1,0,0,0,1
149,0xF8378BFB1e38d1D8b9799342Aaef9016fc52137a,2,0,0,0,0,0,0,1,1,0,0,0
150,0x4d3877aBc39d131a39Ce21Dd0675aD3c1E3f3f32,2,0,0,0,0,0,0,0,0,1,1,0
151,0x3f99c674e0D76c77D4a90a520c9055ca81C39D1d,2,0,0,0,0,0,0,0,0,0,1,1
152,0xb5A3f183d91E628B9B8DF5cF33E944c320E5905a,2,0,0,0,0,0,0,1,0,0,0,1
153,0x9dC552A659D48c4479E2231E56a9f93161483Ee8,2,0,0,0,0,0,0,0,1,0,0,1
154,0xaDfdA5e88D3642219427DC8278029B17a7DF5CE0,2,0,0,0,0,0,0,0,1,0,0,1
155,0xcb630c28658d8B4f0509D628D8d947e6F95eA20A,2,0,0,0,0,0,0,1,0,0,0,1
156,0xB51996959312ea25f887314fcF1ee2BEBA0e0E9F,2,0,0,0,0,0,0,0,1,1,0,0
157,0x6c3F26ae7312Ca3602697557786C5Eb760FC2542,2,0,0,0,0,0,0,1,0,0,1,0
158,0x9D9AC7ae2e68C589b3D06eFC5B30Eaf961599f02,2,0,0,0,0,0,0,1,0,0,0,1
159,0x32527CA6ec2B85AbaCA0fb2dd3878e5b7Bb5b370,2,0,0,0,0,0,0,0,0,0,1,1
160,0x54CB953413EAd5A3679dE4Ee61C45E42F64F69d6,2,0,0,0,0,0,0,1,0,0,0,1
161,0xDE79fA44e6A37F437b2DC74E81e3958ABe9f000F,2,0,0,0,0,0,0,1,0,0,1,0
162,0xe550Ff4c89712409f9d70D0A5cc434A145237881,2,0,0,0,0,0,0,1,0,0,1,0
163,0x66B2FBfc3c016aAF66AFb9B3fDAAbb299b2d6b93,2,0,0,0,0,0,0,2,0,0,0,0
164,0x5805EC51c516e3aa9907D2dbfFeA7F267B1baA23,2,0,0,0,0,0,0,1,0,0,0,1
165,0x0f5dECa191Dde5A329d0D703ADa3680C41b667f7,2,0,0,0,0,0,1,1,0,0,0,0
166,0x395f78FA07383c32FE183bb0ffa8a7E49CfFc282,2,0,0,0,0,0,0,0,0,0,1,1
167,0x15a105b6ECa967A438A6930f6859B7E5Dbc134A7,2,0,0,0,0,0,0,0,0,0,1,1
168,0x36DcDBb4813D4868cfa7771ee84F5221c648A716,2,0,0,0,0,0,0,0,0,0,1,1
169,0x379212C0506d1A182297928530dd38a92AbFe397,2,0,0,0,0,0,0,0,0,0,1,1
170,0x166ED64FB61f51915939F24b5Af6973D43ba7929,2,0,0,0,0,0,0,0,0,0,1,1
171,0x4dc1eBA3CC0887ed39fEBd4475FB4F7bC572be1C,2,0,0,0,0,0,1,0,0,0,1,0
172,0x541a39D1c32A422f2dbD5d3A52Ab1b395f9A9b99,2,0,0,0,0,0,1,0,0,0,0,1
173,0x5216360f3dB9767688ceBc7d56fF1838C9798bB4,2,0,0,0,0,0,0,0,0,0,1,1
174,0x57B7F15C80461E83Ee56daE6a813A57f41E9b61d,2,0,0,0,0,0,0,0,0,0,1,1
175,0x7822e17509A2B302C8483F38F6F69967c36bB656,2,0,0,0,0,0,0,0,0,1,0,1
176,0x2Fe8d101E2958E070B74F3fb87196ada725ffbC8,2,0,0,0,0,0,0,0,1,0,0,1
177,0x178e3Ce9864496df679575ce7B1892b17d8b5Bbf,2,0,0,0,0,0,0,0,1,0,0,1
178,0x58F3Ba0F769070fC76353bA2CC4098Cda1975653,2,0,0,0,0,0,0,0,0,0,1,1
179,0xeDe71D58Eb92c4Eb065d2709a08970f789e7084b,2,0,0,0,0,0,0,0,0,0,1,1
180,0x96391F12d98bDE444A7E62326C93dc9eA9BA70d5,2,0,0,0,0,0,0,0,1,0,0,1
181,0x709E555E8e7835CC1Be3aD9B0Deff8010706B272,2,0,0,0,0,0,0,0,0,0,1,1
182,0x6a852279E5076d16bDDfF0A6Ac6f01752142ffD4,2,0,0,0,0,0,0,0,0,0,1,1
183,0x7241C18533ACF5F786c5A0b5f9c2C370620c5c6f,2,0,0,0,0,0,0,0,0,0,1,1
184,0x5EE58b00e1722C0e01E86286a16DEf6ea9675F6d,2,0,0,0,0,0,0,0,0,0,1,1
185,0x09F213953D92F865b949B3E39b9dcFaE687d4966,2,0,0,0,0,0,0,1,0,0,0,1
186,0xBC2E26deD32A96911B65EE2283a1E30F077BbC59,2,0,0,0,0,0,0,0,1,0,0,1
187,0x3BB5CB16b50723D8254e285Ab9EBE11b799A360e,2,0,0,0,0,0,0,0,0,0,1,1
188,0x72B2E2Ea2F0A5B32337D7a226f6137eC8119A291,2,0,0,0,0,0,0,0,0,0,1,1
189,0x4708Db81d8D0911c3eAbb044144eB9E05e71aeA6,2,0,0,0,0,0,0,0,0,0,1,1
190,0x40B1ea6522c372E1e743512bAF872c5905BCdb28,2,0,0,0,0,0,0,0,0,0,1,1
191,0x47a2a5A8950dd410410f0AF03Af0964cae6Ffec4,2,0,0,0,0,0,0,0,0,0,1,1
192,0x490E13e7AC7F9b9Bd992872B7B9C9C52Fd2dD546,2,0,0,0,0,0,0,1,1,0,0,0
193,0x3FA455A4043CBB00A72320D6b7d656a85939A782,2,0,0,0,0,0,0,0,0,0,1,1
194,0x7E96231449E88C76Dce156E4078C7124802d66c7,2,0,0,0,0,0,0,0,0,0,1,1
195,0x7efB596E6958E33c7D74Ab73D5aa4817Ff58D182,2,0,0,0,0,0,0,0,0,0,1,1
196,0x83E50247E2615edC35c34576EA6dc881A9cf3483,2,0,0,0,0,0,0,0,0,0,1,1
197,0xd010c9b30Ae5761714E85aCe355D42981dCD72C0,2,0,0,0,0,0,0,0,0,0,1,1
198,0x6911EbDBA22a607f1227e9cd5EdE2BD1a2e6d6f9,2,0,0,0,0,0,0,0,0,0,2,0
199,0xfCCF5aEA437B4FF4D3c8b49Ff65F64432a681905,2,0,0,0,0,0,0,0,0,0,1,1
200,0xFa67af95eE4ce8b3C47fEeA6f1Ae4b5dfb62657A,2,0,0,0,0,0,0,0,0,0,1,1
201,0xF65dbFcbE148C221C5e4156088bA0EFFF35Ae678,2,0,0,0,0,0,0,0,0,0,1,1
202,0x7DdEb225C526f4615fdbCc1804C8d3047d0560c4,2,0,0,0,0,0,0,0,0,0,1,1
203,0x7c45FB10a18f834a47cc3F470E97140A399B6AF8,2,0,0,0,0,0,0,0,0,0,1,1
204,0x839084719E2E507BAdAA2725e5b6036a71D38d78,2,0,0,0,0,0,0,0,0,0,1,1
205,0xE97047F83589719791D6DA5d016EcbD129Bd2fCC,2,0,0,0,0,0,0,0,0,0,1,1
206,0xE97F5A2b8135e25CF017b949a9d61A8A7205f9c5,2,0,0,0,0,0,0,0,0,0,1,1
207,0xe9a830AB84558DA8Fbb7995306bDeDa3F1f6D1DE,2,0,0,0,0,0,0,0,0,0,1,1
208,0xbE0D4AB1F07F468e7cd2f6cf1Cb6d78aA7A8E77e,2,0,0,0,0,0,0,0,0,0,1,1
209,0xBeeB32e8e57D4E9E726960Da3F6174EB1C96AB31,2,0,0,0,0,0,0,0,0,0,1,1
210,0xa85bd2bfF15565B9653FdbA9Aedf355d5352dA13,2,0,0,0,0,0,0,0,0,0,1,1
211,0xacfc2c7ED43a568a372df12ca4e0EEbA5018a2Af,2,0,0,0,0,0,0,0,0,0,1,1
212,0xaE6779A4e97F4503eA14e4f8bD120529388FE463,2,0,0,0,0,0,0,0,0,0,1,1
213,0xB49c63E552e330A66FF882Ce38406CAC9fF30D36,2,0,0,0,0,0,0,0,0,0,1,1
214,0xb82E4d1448CE1B4AB29aCE7C04B5C0427F632b91,2,0,0,0,0,0,0,0,0,0,1,1
215,0xbAfdE92A986401477FA778DbE40d37eD8bc8A0f8,2,0,0,0,0,0,0,0,0,0,1,1
216,0x8Cdab9E2C25529C4dE1f973f50E10bAa84542b85,2,0,0,0,0,0,0,0,0,0,1,1
217,0x8D54C9Ff53F7A6dfb8531CbF127127CD04702F2a,2,0,0,0,0,0,0,0,0,0,1,1
218,0x8F862cE117a3FeeBc1DC364e02db35ae125d7f40,2,0,0,0,0,0,0,0,0,0,1,1
219,0x9Dcb3014dE2B56bBf222771D3De5ec0808161060,2,0,0,0,0,0,0,0,0,0,1,1
220,0x9f8d14f051DD97A43584b5Be8bb537D71F26F392,2,0,0,0,0,0,0,0,0,0,1,1
221,0x7B01627eE0DFB437611bD41b96e8e4b954E90d45,2,0,0,0,0,0,0,0,0,0,1,1
222,0xf2b11473143dC06b6a40A008A49fD00961d3Ac98,2,0,0,0,0,0,0,0,0,0,1,1
223,0xf54FE1bFEA45AA2F7055118ee4dc04e23fB01A54,2,0,0,0,0,0,0,0,0,0,1,1
224,0xc306904fb96508Dbc19D72CaA58ACC214b922f5b,2,0,0,0,0,0,0,0,0,0,1,1
225,0xc27BFbb6eA03CF25704f89DF0a2D967bFa1a99dF,2,0,0,0,0,0,0,0,0,0,1,1
226,0xA5dd16A7Ccc8a483196EedB89C33A2f25998ae62,2,0,0,0,0,0,0,0,0,0,1,1
227,0xa52dbd0315A9DFC75686Ef1d8e164984e1e8D6FB,2,0,0,0,0,0,0,0,0,0,1,1
228,0xC3F01f6e61C0CedBa21b6E22Ea5A005E7b5ECE03,2,0,0,0,0,0,0,0,0,0,1,1
229,0xdA84717ef09C100C533802f80765e4E378B10FcF,2,0,0,0,0,0,0,0,0,0,1,1
230,0xE4dC0C663a390e3e430F8A97199E6Afb4E374c3B,2,0,0,0,0,0,0,0,0,0,1,1
231,0xd8c31BfE46800DCE48e0372C77A637b945060310,2,0,0,0,0,0,0,0,0,0,1,1
232,0xd1Ee3784a2B2b259f4bCd3080847abbDEA5f4603,2,0,0,0,0,0,0,0,0,0,1,1
233,0xD129d167eAC3f689f67DA1eBa7E3e6aD8e172831,2,0,0,0,0,0,0,0,0,0,1,1
234,0x3e0b81C7B552DE2B1c212F8EFC163c0FA81Ded82,2,0,1,0,0,0,0,0,0,1,0,0
235,0xEC45956F4224B6b109f23E05C52246fDFf8e8Ea6,2,0,1,0,0,0,0,0,0,0,1,0
236,0x0DB63feC90C224511ed9b0C5f12bc7F2A15192F5,2,0,1,0,0,0,0,0,0,0,1,0
237,0x08c5aea9F99f0A3c580Ff2D68B35616475151dA3,1,0,0,0,0,0,0,0,0,0,0,1
238,0x0ecB48ca7CfD55348754Bae05C3F5B73B5cF667B,1,0,0,0,0,0,0,0,0,0,0,1
239,0x0E9B063789909565CEdA1Fba162474405A151E66,1,0,0,0,0,0,0,0,0,0,0,1
240,0x0e8BB213b61b740A4CE5F8b59BcbbDc05AEcd615,1,0,0,0,0,0,0,0,0,0,0,1
241,0x0df5283bA7e4eF17530bC4bd801d0aA7E97C8e9f,1,0,0,0,0,0,0,0,0,0,0,1
242,0x0dcd149D8a0Bd20305E848DEc11E7A568f7B9209,1,0,0,0,0,0,0,0,0,0,0,1
243,0x0c4EC2613245Ca80a34a534500ded1bF061E0885,1,0,0,0,0,0,0,0,0,0,0,1
244,0x0c47c5F0d8AA01470095149A63ee69cb60ada1b1,1,0,0,0,0,0,0,0,0,0,0,1
245,0x0C07fC4F70348C5DE11cA5C1b99318EC7ABeB4CA,1,0,0,0,0,0,0,0,0,0,0,1
246,0x0B3Ebd051b6a58428574647312cBAD4f7eF08681,1,0,0,0,0,0,0,0,0,0,0,1
247,0x0A8e938779B7a6C7d98941fB2C1fa4fCEC2D55a0,1,0,0,0,0,0,0,0,0,0,0,1
248,0x0A3D9d1743833bC28b3fAcfb4b00eC259A7B5Fff,1,0,0,0,0,0,0,0,0,0,0,1
249,0x71036612a0Af635F28c35Ea959E97532DbF2d2f5,1,0,0,1,0,0,0,0,0,0,0,0
250,0x0379ed895F8b2DB1bA771ECDDEE2839E1539fe18,1,0,0,0,0,0,0,0,0,0,0,1
251,0x032A7A7E6dD81Ff4aE4A845f229E0Ee54Dd1334B,1,0,0,0,0,0,0,0,0,0,0,1
252,0x0325D1bd0547758E922834f3b5D1bf6Faa946C22,1,0,0,0,0,0,0,0,0,0,0,1
253,0x030050d2353CF2D1798e34a422eAe45d2530d012,1,0,0,0,0,0,0,0,0,0,0,1
254,0xBA58A68e9BF71c6a275c351C36af35A1a755Dfb9,1,0,0,0,0,0,0,0,0,0,1,0
255,0xBA45715be95309fb11647589c0610861D3E0CA1a,1,0,0,0,0,0,0,0,0,0,1,0
256,0xB42516DFC0e4f8EFaF5982990aDeCFB761DD9CE9,1,0,0,0,0,0,0,0,0,0,1,0
257,0xB1978234d50F74a3F5869fc2eBe22604e7aCF15F,1,0,0,0,0,0,0,0,0,0,1,0
258,0xaDae40525C126e7A3ECdb53151dE188d0EB82a3f,1,0,0,0,0,0,0,0,0,0,1,0
259,0xaB5eE6F147f068C474Ca168a0D9323702e1A8a3a,1,0,0,0,0,0,0,0,0,0,1,0
260,0xbE645Ba7160cEA7696b8F0F6F16C21EFC92f2F39,1,0,0,0,0,0,0,0,0,0,1,0
261,0xe2d15e539A4a5775591594594Bb3FF98bd3A62d2,1,0,0,0,0,0,0,0,0,0,1,0
262,0xe0f2ECFDE179A2b6bd2599aD381ac8c58b7193a2,1,0,0,0,0,0,0,0,0,0,1,0
263,0xde3b8e574d1AD67F1726B42c4f9C2e6f0B098F38,1,0,0,0,0,0,0,0,0,0,1,0
264,0xDad32Fc8B47190eb3CB2d3AD9512f894E1762a2C,1,0,0,0,0,0,0,0,0,0,1,0
265,0xd62A862da027716A0F72eA8Be3ee78D2Ee14b9a0,1,0,0,0,0,0,0,0,0,0,1,0
266,0xA624Eb96837659d6a2F24CA2C28c79a21E2286BE,1,0,0,0,0,0,0,0,0,0,1,0
267,0xcf7e13B1a8C2E966da29B9bDE66894A2B03C1817,1,0,0,0,0,0,0,0,0,0,1,0
268,0xcE73705ab8182A0dF5b3d876E3Cc25E0A3F689FD,1,0,0,0,0,0,0,0,0,0,1,0
269,0xcE10C23561Dce134ae20B32f8166A131c741F463,1,0,0,0,0,0,0,0,0,0,1,0
270,0xf5fE93609B852D51D03b9749d13D4122D76f482b,1,0,0,0,0,0,0,0,0,0,1,0
271,0xf595988a9735470016f1E9a72Ea7840972448490,1,0,0,0,0,0,0,0,0,0,1,0
272,0x7C1DB8f7df7e381823F3922Ea1190244bE7f5B04,1,0,0,0,0,0,0,0,0,0,1,0
273,0x7962D24d434C8b9863968DA1FBE0D9B6eFdf59E5,1,0,0,0,0,0,0,0,0,0,1,0
274,0xA09B1d15003CF343EC9c40debEfc6F64d12E21DA,1,0,0,0,0,0,0,0,0,0,1,0
275,0x9FCE6916A2c4BDEF219C7181Fb31b9d686a3D6C3,1,0,0,0,0,0,0,0,0,0,1,0
276,0x9EF171A8C62Eea6455830Bde5de99Db5A7cA5119,1,0,0,0,0,0,0,0,0,0,1,0
277,0x9b0e826BAA5E93c7eB3057098ea968785551c38f,1,0,0,0,0,0,0,0,0,0,1,0
278,0x9A075c0Db6bb6a19c589876697Cb94a64E6764a3,1,0,0,0,0,0,0,0,0,0,1,0
279,0x98D91Fb599A7c9a814444f97Eb0175F0e71E3887,1,0,0,0,0,0,0,0,0,0,1,0
280,0x9756fb60f5CfAc66cb03F4E7881468567dA91f7B,1,0,0,0,0,0,0,0,0,0,1,0
281,0x95f6328A532cef7E9c508298Ef9761C482B1c674,1,0,0,0,0,0,0,0,0,0,1,0
282,0x94928A6d608E0B70B8b130e2042f1B3e4E1688A5,1,0,0,0,0,0,0,0,0,0,1,0
283,0x90f8C384AD602EbDF1E40c75653a5dEaCB881F41,1,0,0,0,0,0,0,0,0,0,1,0
284,0x8D13F65C5aA4a19B9AADb850204E7056D2e3d004,1,0,0,0,0,0,0,0,0,0,1,0
285,0xbB198251D5F81BD40673a1F17497d0bb44dad5EA,1,0,0,0,0,0,0,0,0,0,1,0
286,0xccb59210dfd52965cbc43A40905d582E458eCb8b,1,0,0,0,0,0,0,0,0,1,0,0
287,0x8dA0a4579E539847F1C8325bfaD286CE40c567cd,1,0,0,0,0,0,0,0,0,1,0,0
288,0x8b282c2AcD1F81076dF0573acfbee2DeA7088205,1,0,0,0,0,0,0,0,0,1,0,0
289,0x56d5c4b67966EfCACf9188FE74b4399372d1499E,1,0,0,0,0,0,0,0,0,0,1,0
290,0x8CAF476Eef300544cf09Ed0c3feb7D877bE28C2c,1,0,0,0,0,0,0,0,0,0,1,0
291,0x871F04f7b84A64b00Af3488461093A8481199185,1,0,0,0,0,0,0,0,0,0,1,0
292,0x84E89eFbeaD5707B3665707cd273704D36b3b98a,1,0,0,0,0,0,0,0,0,0,1,0
293,0x81cEC7a198D6Cf03b9838511A33247Fb7d4A68C7,1,0,0,0,0,0,0,0,0,0,1,0
294,0x7e6eb2123463ca93BD0EF64bbcDde8dB16d77c42,1,0,0,0,0,0,0,0,0,0,1,0
295,0x7E51D494851712bCe93F594466B58974e392297D,1,0,0,0,0,0,0,0,0,0,1,0
296,0x7C62AdA8Cf578dC9227f4a081618cB02d868b4FE,1,0,0,0,0,0,0,0,0,0,1,0
297,0xD0d032A2Af9240E224f5F3319FBD0055E0aAC018,1,0,0,0,0,0,0,0,0,0,1,0
298,0xd008B0aFA6Df591989865C544E35FcFE170D5cf8,1,0,0,0,0,0,0,0,0,0,1,0
299,0xfCeA0f3370b752D97Cc9A0cB9993Cd458DE7602e,1,0,0,0,0,0,0,0,0,0,1,0
300,0xFCAdE29C55Af041C33011a6C571770b1217BeB59,1,0,0,0,0,0,0,0,0,0,1,0
301,0xFC7a80cc62b5446E8e618aa4BE10b4dF6FD35b64,1,0,0,0,0,0,0,0,0,0,1,0
302,0x23b4c21e96BB213C1563F6f189131A570BA94718,1,0,0,0,0,0,0,1,0,0,0,0
303,0x11eBeE2bF244325B5559f0F583722d35659DDcE8,1,0,0,0,0,0,0,1,0,0,0,0
304,0x07bC9303403A28CBE88e578bed53c5a707387e8C,1,0,0,0,0,0,0,1,0,0,0,0
305,0x3B9346Bb278A2bC6f84a9b32835FC10216c99eCf,1,0,0,0,0,0,0,0,0,0,1,0
306,0x3b2C439A9997D0f06443f4BA44A3E4959C8854a8,1,0,0,0,0,0,0,0,0,0,1,0
307,0x76E92AE2b4d3b4C44bCcab722125d14Ac712175c,1,0,0,0,0,0,0,0,0,0,1,0
308,0x73e7172a6D1CBF05Abb6D3Dd325C8544469D5d09,1,0,0,0,0,0,0,0,0,0,1,0
309,0x73D4d4659f88cABEA6BA33e3F77968a66df48D6B,1,0,0,0,0,0,0,0,0,0,1,0
310,0x6f7e861b4Dfc55357360Ad2adA01BB8fC4Eec80f,1,0,0,0,0,0,0,0,0,0,1,0
311,0x62D19a80A3EFf5ef2A2FD94ec1858D77BC1aDfE2,1,0,0,0,0,0,0,0,0,0,1,0
312,0x5cF56f19767D8e62Bb22b7cCdf7B2F8418D227b3,1,0,0,0,0,0,0,0,0,0,1,0
313,0x5C5c76C31123bB8ae731116DBE61C5b1836f63B1,1,0,0,0,0,0,0,0,0,0,1,0
314,0xf2393999f4D9CEF25E3f474fA35e909355aD27bF,1,0,0,0,0,0,0,0,0,0,1,0
315,0xF0Ac1e8660d045d332be4449a6D4eCaAe06Bdd90,1,0,0,0,0,0,0,0,0,0,1,0
316,0x024CD06D84A2804d6077134dB8CBA1d5a52DF339,1,0,0,0,0,0,0,0,1,0,0,0
317,0xcfFf83681b41F78bf128c541854ae5d13B714524,1,0,0,0,0,0,0,0,0,1,0,0
318,0x5dbe075d39216AdEAef818146AfE3EcE38A63985,1,0,0,0,0,0,0,1,0,0,0,0
319,0x30015b01DD4bC9eB373f6A6569a86DA120340e5B,1,0,0,0,0,0,0,0,0,0,1,0
320,0x2e48D8D9877B6328cFF9bcA5A03431275f97B1fE,1,0,0,0,0,0,0,0,0,0,1,0
321,0x2a5162E3cC46eab44559C396411B2c5963d5C6A3,1,0,0,0,0,0,0,0,0,0,1,0
322,0x51442BA52a0FF09371853625e01c6d77350820e6,1,0,0,0,0,0,0,0,0,0,1,0
323,0x4C735538FfF14605A9ECCc1c31136542a3D3e73a,1,0,0,0,0,0,0,0,0,0,1,0
324,0x4ADf802Db09a0107F46fA7D2D0aD18E412a96FE9,1,0,0,0,0,0,0,0,0,0,1,0
325,0x4a57583c38E84A27C4a397D49Dc7CdC8cfFFec92,1,0,0,0,0,0,0,0,0,0,1,0
326,0x4899D70b96b27e74FB5eab5B1101c447bA9eDf2A,1,0,0,0,0,0,0,0,0,0,1,0
327,0x45f0A18A126F8f485E299c9cCe26F1B53aB41459,1,0,0,0,0,0,0,0,0,0,1,0
328,0x432C2aE9eE0992F8E0D7BCcDCae13aB0Bc514293,1,0,0,0,0,0,0,0,0,0,1,0
329,0x3BFbBe9fB6F46d7688cb097433E33D81Dc3299a0,1,0,0,0,0,0,0,0,0,0,1,0
330,0x697b4F489ebCAAae77d9af557eb4f44c40e7702e,1,0,0,0,0,0,0,0,0,1,0,0
331,0x49774E4055F8e74525AC618CFA124D12AE1d10df,1,0,0,0,0,0,0,1,0,0,0,0
332,0x4740CC758ca1bc5Bedf74668706217b37BF7F254,1,0,0,0,0,0,0,1,0,0,0,0
333,0x457E904c584DcC2851599ed3E6d4454Ff212Ec75,1,0,0,0,0,0,0,1,0,0,0,0
334,0x34e91675eE24F320196974f62A84a3506C5C29d3,1,0,0,0,0,0,0,0,0,0,1,0
335,0x334eB3Ef3F8Ff784d60dDcD13CB2Ed8c0DB8B853,1,0,0,0,0,0,0,0,0,0,1,0
336,0x3335daf5d69633e196D6b0bBe08FBecD567f543D,1,0,0,0,0,0,0,0,0,0,1,0
337,0x32b3a4303A32c889d24d0AFC2aADa99c5Bb19fFb,1,0,0,0,0,0,0,0,0,0,1,0
338,0x3183AaFfb724F72e9FFd9f73cbF9727F2aaBC42F,1,0,0,0,0,0,0,0,0,0,1,0
339,0x30e25eaA01f60ACF52470ccfc57cAD3e245b43c9,1,0,0,0,0,0,0,0,0,0,1,0
340,0x53e4409Bf8c0aF8bF386420422f96F9A90f3d567,1,0,0,0,0,0,0,1,0,0,0,0
341,0xE08D9cc9b651cB95dE82562a3642AfE7c7CDb902,1,0,0,0,0,0,0,1,0,0,0,0
342,0xdfEbc58e01b1447fDE23Badc3eD31355af2ebC08,1,0,0,0,0,0,0,1,0,0,0,0
343,0xdd3b3A67C66A5276aaCC499ec2abD5241721e008,1,0,0,0,0,0,0,1,0,0,0,0
344,0xB3623D62FF30fadB5B2e127C07cab0D1b0808276,1,0,0,0,0,0,0,1,0,0,0,0
345,0xB28979b1F6Bec6e18061e9fe50d4c6f7d1121363,1,0,0,0,0,0,0,1,0,0,0,0
346,0x97E6c4F426C83Aa5B3609aB95c6F42BE700330CC,1,0,0,0,0,0,0,1,0,0,0,0
347,0x8dc76109787193a9325B669303bC4c9B12A7365A,1,0,0,0,0,0,0,1,0,0,0,0
348,0x8A91a1aa58AC4d5f44eF2A6C3169Fa412C6A6334,1,0,0,0,0,0,0,1,0,0,0,0
349,0x78078e942Dd7aE1929951e53564b9724c15bFfD4,1,0,0,0,0,0,0,1,0,0,0,0
350,0x282997AF89533027A16b4141f174e22e730Cf1D3,1,0,0,0,0,0,0,0,0,0,1,0
351,0x268eB6e86bD1eb6709110F54591a0d31b6A31fEa,1,0,0,0,0,0,0,0,0,0,1,0
352,0x1FB33A8C6C7a9C2e70356f435F0F64fEbcfB1515,1,0,0,0,0,0,0,0,0,0,1,0
353,0x1C333d8229Ff7D300b12A55e1b0514564e231955,1,0,0,0,0,0,0,0,0,0,1,0
354,0x19E6116A34eB8EeF7c3400D1213D990c399DAbB5,1,0,0,0,0,0,0,0,0,0,1,0
355,0x19be5c904E673cde6F43392e278a0BdF8414e89F,1,0,0,0,0,0,0,0,0,0,1,0
356,0x188D36F87ADf151B700258de61EcC9018d89e5B2,1,0,0,0,0,0,0,0,0,0,1,0
357,0x16C8387D21514dE3889b126ba1D565b1B090Bd01,1,0,0,0,0,0,0,0,0,0,1,0
358,0xcF8845D0AD134BBbd67D3316bBEBCA62616f4BEf,1,0,0,0,0,1,0,0,0,0,0,0
359,0xC2d3DA4360D9F49a16b39a9c5Ec2fac7263CCfe6,1,0,0,0,0,1,0,0,0,0,0,0
360,0xB674Aca8888e44ef0D54A99cD191AF57a415645b,1,0,0,0,0,1,0,0,0,0,0,0
361,0x903061d4038751Df6Ac1879FCD2D84c99630EeB4,1,0,0,0,0,1,0,0,0,0,0,0
362,0xC2BABe0ad3DAA699C92284119875C36290674441,1,0,0,0,0,0,0,1,0,0,0,0
363,0x51FB007343726CC4148a8adc9B755179F41D10bA,1,0,0,0,0,0,1,0,0,0,0,0
364,0x3a4985fcfa8ED8C84521Cf86a5C04Faa9810055f,1,0,0,0,0,0,0,0,0,0,1,0
365,0x38aF57582117bBaAfd06EA1C50108e6B154796f3,1,0,0,0,0,0,0,0,0,0,1,0
366,0xfe8cC72D95633e3a40CF3D221a609ef0C4807745,1,0,0,0,0,0,0,0,0,0,0,1
367,0xFe5097dd34Fe609Ea4Ef5729A77c8Da20DBB913e,1,0,0,0,0,0,0,0,0,0,0,1
368,0xFe4841A4615b8132E6E116A033cA39333c63d121,1,0,0,0,0,0,0,0,0,0,0,1
369,0xFd770fa6212926783c6f2d54346D43936b413Ce1,1,0,0,0,0,0,0,0,0,0,0,1
370,0x107A4596C5664FdDd918fBD2605e69fEae5FB4c6,1,0,0,0,0,0,0,0,0,0,1,0
371,0x0e073678D8d3ab0aD98CCdb1D91c9535910f8FaB,1,0,0,0,0,0,0,0,0,0,1,0
372,0x0D2349e291A9e0Bb755bFFA4097E6D378A72330B,1,0,0,0,0,0,0,0,0,0,1,0
373,0xb5e731Cc68350fC31D6524AE9e27699A2791b84A,1,0,0,1,0,0,0,0,0,0,0,0
374,0xf5a5494aAeaec33581174F2ea9601fADc94dB0Fd,1,0,0,0,1,0,0,0,0,0,0,0
375,0x099EC6c055635cF5BeABe374695247933F113FC9,1,0,0,0,1,0,0,0,0,0,0,0
376,0x01362D5923530672D6A887cCdfC8b156cEE97824,1,0,0,0,1,0,0,0,0,0,0,0
377,0xd4c175EB99e3fBDff453DfBA3F181df09aE6011d,1,0,0,0,0,0,1,0,0,0,0,0
378,0xE7578Cc2F047c9574406bB0d260C4A3CF92eB51d,1,0,0,0,1,0,0,0,0,0,0,0
379,0xda347E3D590B991ECe30b4ACB958689637Ac22Bd,1,0,0,0,1,0,0,0,0,0,0,0
380,0xbc89dC875EC3B1e5F89463C300B7266813239AC6,1,0,0,0,1,0,0,0,0,0,0,0
381,0x486704d190e6D02Fce24F61EfdFA130a33937b7F,1,0,0,0,1,0,0,0,0,0,0,0
382,0xf9e1D1e9F22c96752356AdFd377231528c7E851E,1,0,0,0,0,0,0,0,0,0,0,1
383,0xf9D014681FDdCCE730BF9DE650d021Eb707DC95c,1,0,0,0,0,0,0,0,0,0,0,1
384,0xF8a189da251aa4F664beF833f44Afb9BdD5Cde1f,1,0,0,0,0,0,0,0,0,0,0,1
385,0xf89f0c683009fDD94F4563938d91e38F60c09489,1,0,0,0,0,0,0,0,0,0,0,1
386,0xf85d965e9Fd4607B000110253214f49231f0031a,1,0,0,0,0,0,0,0,0,0,0,1
387,0xf7b5C20dCBe579096aD9DcB13eb3fa4C9627B432,1,0,0,0,0,0,0,0,0,0,0,1
388,0xF7280f5b6Ee18C30841a29110F6fe5366FE9c501,1,0,0,0,0,0,0,0,0,0,0,1
389,0xF706e7B8c53182F4CdE74b4d6C165345Acb2B03d,1,0,0,0,0,0,0,0,0,0,0,1
390,0xf68b7b4e1aB494bCC9F914e65F10cCB295E2a6F1,1,0,0,0,0,0,0,0,0,0,0,1
391,0xF6434D72933A04550dd2e028CCEB600472b98b26,1,0,0,0,0,0,0,0,0,0,0,1
392,0xf61467b750F98B40884E23dc051bb297dbC772b5,1,0,0,0,0,0,0,0,0,0,0,1
393,0xFfE6D9d29480D0673C4FC46da22D21E245C8E731,1,0,0,0,0,0,0,0,0,0,0,1
394,0xFfC1c04acc1A3511f19F2be463d0277421c28d98,1,0,0,0,0,0,0,0,0,0,0,1
395,0xfF6f0a4ACcEB65C69313706EA01Bb726c4926F08,1,0,0,0,0,0,0,0,0,0,0,1
396,0xFf67Af91F3A0404b48D51633065d024FFB7Fa340,1,0,0,0,0,0,0,0,0,0,0,1
397,0xFF36da79cf472A3d0D60f95561ADCE920514630F,1,0,0,0,0,0,0,0,0,0,0,1
398,0xF447B405fC7b41DDfeF3CF66EC790EaBd6b26A47,1,0,0,0,0,0,0,0,0,0,0,1
399,0xf3De96Dd26847d877960736E426E2d852B6765f4,1,0,0,0,0,0,0,0,0,0,0,1
400,0xF3a9d16D4ac392Ffe02C36A89B6dc71541fA85a9,1,0,0,0,0,0,0,0,0,0,0,1
401,0xf37132367d530fd99e77bf1Cc85c835F40e1cf47,1,0,0,0,0,0,0,0,0,0,0,1
402,0xf35f6B151F726C12Db80A6D39969A27Fa44140c8,1,0,0,0,0,0,0,0,0,0,0,1
403,0xf114CEe3a3beB8700c78dD602137C1552B2EBE56,1,0,0,0,0,0,0,0,0,0,0,1
404,0xF0596a979c6C7FD02a218b7d71B3351FcF9c2189,1,0,0,0,0,0,0,0,0,0,0,1
405,0xefC5FF84594ebF147dCEAeB5c41079672CF0d85C,1,0,0,0,0,0,0,0,0,0,0,1
406,0xEfbC53e0AFdc9f649Bc1Ab692461df57E70A560f,1,0,0,0,0,0,0,0,0,0,0,1
407,0xeFB1F0Dd64cA69bDdeb01dA4B7c244E752ed45A9,1,0,0,0,0,0,0,0,0,0,0,1
408,0xeFA54f09c318984c21DA1a942775d1fD7AD889a9,1,0,0,0,0,0,0,0,0,0,0,1
409,0xfD74e17108ca45b149Be7abbBAfC7ddA83fB3a60,1,0,0,0,0,0,0,0,0,0,0,1
410,0xFd47587C6BD9fC5805053bAa296846Ec1845958a,1,0,0,0,0,0,0,0,0,0,0,1
411,0xfC1eF2C27746832A13Cf905479eF8E212a18227a,1,0,0,0,0,0,0,0,0,0,0,1
412,0xfbceD3D36BfA798C3aC4fABEBDE438a052fc3C3a,1,0,0,0,0,0,0,0,0,0,0,1
413,0xFAC219Be81D0236e4167163111298934B53a6D95,1,0,0,0,0,0,0,0,0,0,0,1
414,0xEcDA66d8E3038eBc7766c5C70C8A1973F08a3f5c,1,0,0,0,0,0,0,0,0,0,0,1
415,0xecCE99b4b41a8b27dC280cFB2ee5a55ebCB861Ba,1,0,0,0,0,0,0,0,0,0,0,1
416,0xec89eB209a7c3B1a77e184253F3676F50129acad,1,0,0,0,0,0,0,0,0,0,0,1
417,0xEC5bddb1D987d6Bc5b400107b305794922e64b29,1,0,0,0,0,0,0,0,0,0,0,1
418,0xebCE789204e339490F3fF1C385B93Ca81F601365,1,0,0,0,0,0,0,0,0,0,0,1
419,0xEab804590011d0650FcB6c4Da1870C6e9ca062D1,1,0,0,0,0,0,0,0,0,0,0,1
420,0xea3549a358cEE7854C111AC888dE7BcCc3D55C2c,1,0,0,0,0,0,0,0,0,0,0,1
421,0xE9c533A09D01E2E0dA446a41346F43AcFbB39012,1,0,0,0,0,0,0,0,0,0,0,1
422,0xe9072625BB804ffFE1E5838ac6d7907Ed01E275A,1,0,0,0,0,0,0,0,0,0,0,1
423,0xe8C079eF126e13BDC8eD5C66af904406EBBA8184,1,0,0,0,0,0,0,0,0,0,0,1
424,0xE84f05A482C8C872d0327C1E61C95b4F5a2aFB8c,1,0,0,0,0,0,0,0,0,0,0,1
425,0xF5c4CE97cde264f046a8f0ECe6De0AA013F6cf3d,1,0,0,0,0,0,0,0,0,0,0,1
426,0xF57E2A88E4D26Dfa55f769D62CC1627c0E6D5faE,1,0,0,0,0,0,0,0,0,0,0,1
427,0xf5652F712867EaD6c824E6b242796d7d5ccaE405,1,0,0,0,0,0,0,0,0,0,0,1
428,0xf55ce491aeBA83bE94d0E4A046c5d13E9a31D14B,1,0,0,0,0,0,0,0,0,0,0,1
429,0xf4ee1B18aA71a18102af19e6B0170087c82250fD,1,0,0,0,0,0,0,0,0,0,0,1
430,0xe53085d26544dAF3BA8f66B2D1B108E285cc51f9,1,0,0,0,0,0,0,0,0,0,0,1
431,0xe431119b2248c43f48B09E93E931B90D7Fb2EEd0,1,0,0,0,0,0,0,0,0,0,0,1
432,0xe421c9d5Da7D6129d62e7F37965B4415D9CDFa4E,1,0,0,0,0,0,0,0,0,0,0,1
433,0xe3b6A486BB7143246f0ab52f1b64Aa9A381C86A7,1,0,0,0,0,0,0,0,0,0,0,1
434,0xE2C2bbAc29a8991C21D50cFB76d56Ef455D85157,1,0,0,0,0,0,0,0,0,0,0,1
435,0xE28033a9BD54202d5f2487dd2C8518F48f4f07C2,1,0,0,0,0,0,0,0,0,0,0,1
436,0xE20e4722f01B6E78C1a7D9d1b9De7576e4e2d11a,1,0,0,0,0,0,0,0,0,0,0,1
437,0xE20554Cf01fbf0c759fF44eFA68A089D4ebCfF17,1,0,0,0,0,0,0,0,0,0,0,1
438,0xe10A76CAc4f3d807F940A3b98f8F87Aefb7a2cD2,1,0,0,0,0,0,0,0,0,0,0,1
439,0xE0F24b0C1d3e761b608AB9D5cE1D73903F468F45,1,0,0,0,0,0,0,0,0,0,0,1
440,0xE0e0d239853c5F2Fe0a524d544eC9eB71fef486e,1,0,0,0,0,0,0,0,0,0,0,1
441,0xef7A6BF58A7263B1Df7f5BdaE2F7AE7Ae39BD463,1,0,0,0,0,0,0,0,0,0,0,1
442,0xeF301cFA99e2Ee4662e4f86AC962a80dCA3CDb9E,1,0,0,0,0,0,0,0,0,0,0,1
443,0xeEBbAf298bb8B5076723d69AF61bf75a5C2ad8d6,1,0,0,0,0,0,0,0,0,0,0,1
444,0xee4D078F9E4BBdDe3B951284dBFE7c458Bd8C7BF,1,0,0,0,0,0,0,0,0,0,0,1
445,0xEDbf72f88E72133b10CdDded385D2b0f7b27f588,1,0,0,0,0,0,0,0,0,0,0,1
446,0xdf1C13B1ffFA2aC5984516719cbdBfa22240efBB,1,0,0,0,0,0,0,0,0,0,0,1
447,0xdF16e535EE0Ad5874c664a58FDAA05C9e243D6ee,1,0,0,0,0,0,0,0,0,0,0,1
448,0xddf7048E15c1E1B5E0877c7ea026BA06a2466271,1,0,0,0,0,0,0,0,0,0,0,1
449,0xdD65C5E9d1D4124A4730A9BaD9BA5784F9B1d1EC,1,0,0,0,0,0,0,0,0,0,0,1
450,0xDcF2A3C6187f927D2Ab51eAe870f8905B377fa86,1,0,0,0,0,0,0,0,0,0,0,1
451,0xdCE04f7b358d185d53D958B3ff4cBA7092C9632a,1,0,0,0,0,0,0,0,0,0,0,1
452,0xdc9F1f25377e2dA358E7468F3E4479F02F32eEcA,1,0,0,0,0,0,0,0,0,0,0,1
453,0xdC9528e73f770C93ed7895A2928D52eA1D18E1A7,1,0,0,0,0,0,0,0,0,0,0,1
454,0xdc5DB412a626aa3F27B541eEd3AD0C71F5F14F77,1,0,0,0,0,0,0,0,0,0,0,1
455,0xDC2EE029Dd7E6DE5Ab7C64FfA894dbf1C1aBC898,1,0,0,0,0,0,0,0,0,0,0,1
456,0xdc11cA422d5B30726a0E0B88dF060dCDD2524F09,1,0,0,0,0,0,0,0,0,0,0,1
457,0xE835a15900547dF992c5632e0FB94e833CAf11eb,1,0,0,0,0,0,0,0,0,0,0,1
458,0xE7DC0013d6ed26C7DaB0BeC49779A38E8B166663,1,0,0,0,0,0,0,0,0,0,0,1
459,0xe681084aA530336382DB05f0EcA282309D7957CC,1,0,0,0,0,0,0,0,0,0,0,1
460,0xe655C22E88C7443F2CC1D76d6b83eb6bd2b15013,1,0,0,0,0,0,0,0,0,0,0,1
461,0xe61D0838e3caD52037bA95fF8D9768AF43070279,1,0,0,0,0,0,0,0,0,0,0,1
462,0xD91A53803DfFEF52d4f277E55Aa97aD35442a6fF,1,0,0,0,0,0,0,0,0,0,0,1
463,0xd8FF36BD818BcAE0278F0904D527206363795082,1,0,0,0,0,0,0,0,0,0,0,1
464,0xd87120aA0E9220948DCC3D207E0b3df2e4Ade1b5,1,0,0,0,0,0,0,0,0,0,0,1
465,0xd8520793Cb8bfea02B3F28bA99768926949Cf1dd,1,0,0,0,0,0,0,0,0,0,0,1
466,0xD8430211a7FE6086bC336A3fF9bdBD6Af5D2433F,1,0,0,0,0,0,0,0,0,0,0,1
467,0xD7bD783b57Cd6201CC0A9d736c866223b57e02ea,1,0,0,0,0,0,0,0,0,0,0,1
468,0xd7385b0e6db877731913e0568dfC2F5e7B1202f8,1,0,0,0,0,0,0,0,0,0,0,1
469,0xD6E884a6948Fe91BaFB3BE7d0D485A2feB9e01bb,1,0,0,0,0,0,0,0,0,0,0,1
470,0xD6d190a79Faecc78cEa923702ee06221731DE0c1,1,0,0,0,0,0,0,0,0,0,0,1
471,0xd5f2DE368439eED5527e88Ea52A7fd44758AEe99,1,0,0,0,0,0,0,0,0,0,0,1
472,0xd57d3f0f31047F2c5e1F1b09F96eFd23C05b1d5b,1,0,0,0,0,0,0,0,0,0,0,1
473,0xE0BBA9ef3bD7FB5E875Ec21F72ED5E021F68195d,1,0,0,0,0,0,0,0,0,0,0,1
474,0xE0b4643bB55D533c2F22F9F3aB419AD19B5D9A72,1,0,0,0,0,0,0,0,0,0,0,1
475,0xe05BcDAEe1F9E848f088049A5AA5DaF0B629467d,1,0,0,0,0,0,0,0,0,0,0,1
476,0xDfA92e887ffc9D4916ED52b40A4B13B4916c0c8C,1,0,0,0,0,0,0,0,0,0,0,1
477,0xdf953d7ca552A6f4b35B8F219fef486C1A893E30,1,0,0,0,0,0,0,0,0,0,0,1
478,0xD3aedfB019edC1B55988D273Dc68C7baBbe2FeC4,1,0,0,0,0,0,0,0,0,0,0,1
479,0xD36DEe9bc3f42bA57e83C1cB2042f81370b65087,1,0,0,0,0,0,0,0,0,0,0,1
480,0xd3220ae99ACFD50513CdaCD1acfDF6F0aa205715,1,0,0,0,0,0,0,0,0,0,0,1
481,0xd27b3dD64F1d939b65d2447DEeC58cD099d97806,1,0,0,0,0,0,0,0,0,0,0,1
482,0xd253eF26Fd07ADec2372C1bFE31e30519C7bA713,1,0,0,0,0,0,0,0,0,0,0,1
483,0xd2507077267BE657EA6F9eF593C4a797338b8d0a,1,0,0,0,0,0,0,0,0,0,0,1
484,0xD21AEb00d9501Ce0EA2FD442BCF3Cd8DdB6de7Be,1,0,0,0,0,0,0,0,0,0,0,1
485,0xD1F65085adB3670B46F2D900974B2421a56490f6,1,0,0,0,0,0,0,0,0,0,0,1
486,0xD1A90CdE483ec18862553Dc6737EA7d6bb46bE51,1,0,0,0,0,0,0,0,0,0,0,1
487,0xd0C7a59e3Ce5a289b553ebF7659F5C3316eCFBB9,1,0,0,0,0,0,0,0,0,0,0,1
488,0xD0c6CcEA1f0a9C7792aE83dD8f70348d2BAf8ae5,1,0,0,0,0,0,0,0,0,0,0,1
489,0xdBDf70689CB64b096C5291843936C56731E8240b,1,0,0,0,0,0,0,0,0,0,0,1
490,0xdA2ec5aD9b89fb663f2a7E5eb3149570E2e59362,1,0,0,0,0,0,0,0,0,0,0,1
491,0xDa23dE4FEa79bc6Eb8147C147650030A4d7d0730,1,0,0,0,0,0,0,0,0,0,0,1
492,0xD9A5B8c4428DB19C54611504c021f11204140Db9,1,0,0,0,0,0,0,0,0,0,0,1
493,0xd9A1699e69D0C0F94f4e05578Cc048365Bfd4735,1,0,0,0,0,0,0,0,0,0,0,1
494,0xCe8DfA055e4Cda45E98ebd26718ae9E671c120d5,1,0,0,0,0,0,0,0,0,0,0,1
495,0xce6364C714bfDF453f01b0A5E6EBA500392976fF,1,0,0,0,0,0,0,0,0,0,0,1
496,0xCe4f9CA745d12A5706269eFcE7b70D596D2808C0,1,0,0,0,0,0,0,0,0,0,0,1
497,0xCe3647fF6fc5A00Df8B6DBF8DAE69dc86D11d86F,1,0,0,0,0,0,0,0,0,0,0,1
498,0xcE277B5600d1F973c017A4D4b17f6eA85330A50C,1,0,0,0,0,0,0,0,0,0,0,1
499,0xcde3725B25D6d9bC78CF0941cC15Fd9710c764b9,1,0,0,0,0,0,0,0,0,0,0,1
500,0xcdDCe70fD894e38648920Bf45d6B350e543dae6B,1,0,0,0,0,0,0,0,0,0,0,1
501,0xcDCD7cD5aFB093011DC31e990Fc09bbAa7B381D3,1,0,0,0,0,0,0,0,0,0,0,1
502,0xcd8Ae42fBe4A619A3A0328504761549C3b1a2c41,1,0,0,0,0,0,0,0,0,0,0,1
503,0xCd22B8eC5Af086Ea670f700B039520E30AcA2ED0,1,0,0,0,0,0,0,0,0,0,0,1
504,0xCd0D4CDb238Eec15Fcf4ff9d13d5a59051E507D7,1,0,0,0,0,0,0,0,0,0,0,1
505,0xD4F1254C803662c46D9c21f80F4F3c15FF57e2c9,1,0,0,0,0,0,0,0,0,0,0,1
506,0xD4D80071a6E5FdedA91d140301502B9121aDD675,1,0,0,0,0,0,0,0,0,0,0,1
507,0xD40dD04205083f4A3711A6b57B25094d08890404,1,0,0,0,0,0,0,0,0,0,0,1
508,0xd406056Ebc52aA0d18b2eEe6Ed4A04d7A1B1B702,1,0,0,0,0,0,0,0,0,0,0,1
509,0xd3B0fAd898Db7570e72D701FB07bFc05A946271D,1,0,0,0,0,0,0,0,0,0,0,1
510,0xcb1587a01d12E060c548712a01dE54fF0C7AC0b8,1,0,0,0,0,0,0,0,0,0,0,1
511,0xCAcD4783cB406f7c6A5145E7c10655faeFb55CB5,1,0,0,0,0,0,0,0,0,0,0,1
512,0xca9A3c13994699a4eFC928A030A3e2326d4C5909,1,0,0,0,0,0,0,0,0,0,0,1
513,0xc9F491C230B4e4137C98C32978C1392Eb3169BC6,1,0,0,0,0,0,0,0,0,0,0,1
514,0xC8D46eb7881975F9aE15216FeEBa2ff58E55803c,1,0,0,0,0,0,0,0,0,0,0,1
515,0xc7E8921d5Ed0665Df082D1a4703fE401Aa38024F,1,0,0,0,0,0,0,0,0,0,0,1
516,0xc7CD58102F2827817eF471aAf8E4bDc56da89Eb4,1,0,0,0,0,0,0,0,0,0,0,1
517,0xc77A81D694252209c488759287DDc5291eA5cd68,1,0,0,0,0,0,0,0,0,0,0,1
518,0xC72CBB5fFDD51A71a19c079E012D51Dc31E07Ea9,1,0,0,0,0,0,0,0,0,0,0,1
519,0xC70e59c627201E47a6a8495B8Fe7DDC889524625,1,0,0,0,0,0,0,0,0,0,0,1
520,0xC623c9935913F15Ad579eabd911E358f2653D69a,1,0,0,0,0,0,0,0,0,0,0,1
521,0xd0520C4C58B77E403443E93F90Cc98D0c04B8c77,1,0,0,0,0,0,0,0,0,0,0,1
522,0xCfe99e4DAdDCf2C3D0666e7b23ffA0766B1a4C84,1,0,0,0,0,0,0,0,0,0,0,1
523,0xCFe3f9534dc294430a70469f1dDC5553Bd0D93a3,1,0,0,0,0,0,0,0,0,0,0,1
524,0xCeA79c5FAf70662e934fDfec1Fe5DA4045635841,1,0,0,0,0,0,0,0,0,0,0,1
525,0xCe926df3E1D010a0a25C0cFbEFEB99dbF14aa87C,1,0,0,0,0,0,0,0,0,0,0,1
526,0xC2b7dFe51AA58d79EE1f5f89F15442bF7381C3E1,1,0,0,0,0,0,0,0,0,0,0,1
527,0xc22b9AAc77d506B20a7E7d6885Afc6D26474f1Df,1,0,0,0,0,0,0,0,0,0,0,1
528,0xC1dBddD0f2976af78C46be8Af40191e284E91DF3,1,0,0,0,0,0,0,0,0,0,0,1
529,0xC1AbEf3Db6820CffBcc4fF17BAC0e9222263Af42,1,0,0,0,0,0,0,0,0,0,0,1
530,0xC1981D3c7f0dA77c42BfCa91CDd995E44b8150cA,1,0,0,0,0,0,0,0,0,0,0,1
531,0xc151071Dfd5b66698B5d6B55607A63B9daEBD690,1,0,0,0,0,0,0,0,0,0,0,1
532,0xC125f610614d6CEAf688A9A0ab2bbeC0A83b0BE7,1,0,0,0,0,0,0,0,0,0,0,1
533,0xC07C4A7eF05c4Aec090cFc7f90Ca7baD5eE6C29C,1,0,0,0,0,0,0,0,0,0,0,1
534,0xc05b6d1CfdbC246926b6f2CD19fDB18e450e07d9,1,0,0,0,0,0,0,0,0,0,0,1
535,0xc03Cb072509E1F450c0f47C5fCeEcE584462a01C,1,0,0,0,0,0,0,0,0,0,0,1
536,0xBFa9DCD2ffb681e1AEE3Bd191154e67CB4739Fd5,1,0,0,0,0,0,0,0,0,0,0,1
537,0xcd088E347aC400327Ed62494FA274D5E69359FEa,1,0,0,0,0,0,0,0,0,0,0,1
538,0xCca157CB3d3E0D784cB1B91221Ec2a5A51Ece570,1,0,0,0,0,0,0,0,0,0,0,1
539,0xCc7842f66fa9a8ab6920854EC3DB9517aAD9BbcE,1,0,0,0,0,0,0,0,0,0,0,1
540,0xcbdcB14D4963a045d6517A89AaB07a097230C9BC,1,0,0,0,0,0,0,0,0,0,0,1
541,0xCB3635373487e96E44c0310819C70f1D258A4256,1,0,0,0,0,0,0,0,0,0,0,1
542,0xBd2c5E96Bf236B1feE57e71b38A9c69731e21ef7,1,0,0,0,0,0,0,0,0,0,0,1
543,0xbd1Ec94670E3670D12d82D77ca7F8437f0353cE7,1,0,0,0,0,0,0,0,0,0,0,1
544,0xbD0F43868181d1C399FC7405fbc46725b2F7ab17,1,0,0,0,0,0,0,0,0,0,0,1
545,0xBcA589EEE75761CbE808F9663Ec62C1eD474BDE5,1,0,0,0,0,0,0,0,0,0,0,1
546,0xBbf1ff8c350717F99C91Ad5F3B28DCE81f72b406,1,0,0,0,0,0,0,0,0,0,0,1
547,0xBbCA1093f731FB2e4a3625DEB1967e6Fc9127Ffe,1,0,0,0,0,0,0,0,0,0,0,1
548,0xBbc4333aE20E1A3460B770a8a229cFE572909F3A,1,0,0,0,0,0,0,0,0,0,0,1
549,0xbB9AD3062c536c70217A3933Af33987730C52602,1,0,0,0,0,0,0,0,0,0,0,1
550,0xBB12CDC2d33cd76BAf657368F4DA59bFA28246FD,1,0,0,0,0,0,0,0,0,0,0,1
551,0xBb10345C0e95D2CF5C6DCC8c2420F7B1905158B3,1,0,0,0,0,0,0,0,0,0,0,1
552,0xbaBc30848d1234E3e451bE9383B5EE0ff6A6c076,1,0,0,0,0,0,0,0,0,0,0,1
553,0xC608F703e6a88e858104B24E6Be99ab7EF7ba8d0,1,0,0,0,0,0,0,0,0,0,0,1
554,0xc560AA9AD63c78E65b210bD0eD809bb5aa3911f2,1,0,0,0,0,0,0,0,0,0,0,1
555,0xc5445c4f9744CAc1A819F2C5596BCCe91C84DD74,1,0,0,0,0,0,0,0,0,0,0,1
556,0xc4Ca7599d25F914809eB35d176CB152EB2853308,1,0,0,0,0,0,0,0,0,0,0,1
557,0xC31CEFe38A606A667B4c076e264abd4552A7B060,1,0,0,0,0,0,0,0,0,0,0,1
558,0xb837AB2903B5ffFCAFd042E2694a1ff3eC826AD8,1,0,0,0,0,0,0,0,0,0,0,1
559,0xb7985A153FF4C8fc197b859F6f7979B126Aaa315,1,0,0,0,0,0,0,0,0,0,0,1
560,0xB6f5D4EA633bE503801360F4d954f2d3E99261e6,1,0,0,0,0,0,0,0,0,0,0,1
561,0xB66eD94bfdE5081576d365046453b0d325AB26b8,1,0,0,0,0,0,0,0,0,0,0,1
562,0xB62118bF3610F8cc905dFeaba0Cb38e2162454aE,1,0,0,0,0,0,0,0,0,0,0,1
563,0xb5e7594eC5c93498123571DBAc1e7c1699AfB768,1,0,0,0,0,0,0,0,0,0,0,1
564,0xB5D1C17749985F8Ba6F17dA81CE42FcE59d9f9f7,1,0,0,0,0,0,0,0,0,0,0,1
565,0xb588e947132B9DEC0c30F555212aE6583f476862,1,0,0,0,0,0,0,0,0,0,0,1
566,0xb53656B16A86bb819D4391A2d69110eaf9B0531d,1,0,0,0,0,0,0,0,0,0,0,1
567,0xB535ac19Df533873c2c640dF6cD644Cfbf8B5d39,1,0,0,0,0,0,0,0,0,0,0,1
568,0xB51D2de677ae3f617fe4757dbA7B1c76B8E94Bba,1,0,0,0,0,0,0,0,0,0,0,1
569,0xBf185C104196BEBb0F154B45Dc4A2B2d4E7F8753,1,0,0,0,0,0,0,0,0,0,0,1
570,0xbecF6C00E5CDd516eB4213E8744dbA559e988B38,1,0,0,0,0,0,0,0,0,0,0,1
571,0xbe1999EB32E74b6371AeDeFDDDEd9bCFc598D132,1,0,0,0,0,0,0,0,0,0,0,1
572,0xbDA710801342531aDb023df62D6eCCdcEe893d5A,1,0,0,0,0,0,0,0,0,0,0,1
573,0xBD7E9d48169Dee88F2Ed991f343F41E13a188ec2,1,0,0,0,0,0,0,0,0,0,0,1
574,0xB359F9E770432339C9b112f9934cea558F8230Ee,1,0,0,0,0,0,0,0,0,0,0,1
575,0xB3095a54529d46EB11A383754c40eb123b88ecc9,1,0,0,0,0,0,0,0,0,0,0,1
576,0xb300AA30dD33e1Ae849Cb69FA23D6Ddaf90a69BC,1,0,0,0,0,0,0,0,0,0,0,1
577,0xB1Ff388d5952fdc08C803CdEA07f9B5913602F03,1,0,0,0,0,0,0,0,0,0,0,1
578,0xB1dB513aC47E476944F392D8E047E3A0A5a5FF9C,1,0,0,0,0,0,0,0,0,0,0,1
579,0xb1CF9d4c3743Be59fC87dB20378035A73EAc73E4,1,0,0,0,0,0,0,0,0,0,0,1
580,0xB1B65c40B33aC2D3eba12261F45D5C4e25856A9f,1,0,0,0,0,0,0,0,0,0,0,1
581,0xb09A0b8C795df0A74383121279bE6aa1f02E57a3,1,0,0,0,0,0,0,0,0,0,0,1
582,0xb034c136A2Da4Dda85C9f5BC5A5692e388BCae87,1,0,0,0,0,0,0,0,0,0,0,1
583,0xB0241bb1A040ba99604002FFF03DadC3dB472C7A,1,0,0,0,0,0,0,0,0,0,0,1
584,0xB018AC399491B9320A456ad0e696D2032b6bADD3,1,0,0,0,0,0,0,0,0,0,0,1
585,0xbA9b5D1AB7bF256DB2CCDE7d4B70b0AF5961F3C8,1,0,0,0,0,0,0,0,0,0,0,1
586,0xba8765802198e5c19F2BA8fe9b0dA2B225927AAf,1,0,0,0,0,0,0,0,0,0,0,1
587,0xb9C18A66A45ee459ECFfB7fEB44b32665230d677,1,0,0,0,0,0,0,0,0,0,0,1
588,0xb98813a1469cE6528393b04C1f32aF4E58F92803,1,0,0,0,0,0,0,0,0,0,0,1
589,0xB92a8d700b990ff8CCF5452394474E09E46E62E7,1,0,0,0,0,0,0,0,0,0,0,1
590,0xAe4676Dc438Fb131a1e207C4F024e833463090c5,1,0,0,0,0,0,0,0,0,0,0,1
591,0xAE1A1CDB13Ec86506831531D9e52456b2c0eb625,1,0,0,0,0,0,0,0,0,0,0,1
592,0xaDAcbA4Cae9471C26D613F7A94014549a647783C,1,0,0,0,0,0,0,0,0,0,0,1
593,0xaDa952E496DC301BD60e8e59Ce38B51207fF0A98,1,0,0,0,0,0,0,0,0,0,0,1
594,0xaCd7b8C36ca5270435D66f4eDE10c7C76AC2f286,1,0,0,0,0,0,0,0,0,0,0,1
595,0xAc7E3EBa90527A610981E204740BDdb81D63aC22,1,0,0,0,0,0,0,0,0,0,0,1
596,0xAC63D7D9C4E112feb40D17a89a7874dB5f4bD2CB,1,0,0,0,0,0,0,0,0,0,0,1
597,0xAbF5cBf354B338b6a385E8533037fA93A621d554,1,0,0,0,0,0,0,0,0,0,0,1
598,0xAb97280FA53539aA03A000f58d4B8D44fB104451,1,0,0,0,0,0,0,0,0,0,0,1
599,0xaB6CFbE7Be822C588500c4E024a1A50386F02e60,1,0,0,0,0,0,0,0,0,0,0,1
600,0xaB11b1a380da7C2Fb12bbF7C39fBf156568AcDFE,1,0,0,0,0,0,0,0,0,0,0,1
601,0xB511a5Ddd0a104cf280b45522543095B1107627e,1,0,0,0,0,0,0,0,0,0,0,1
602,0xB50d2F18Cf40EA6B99216e0627b20BC72167c632,1,0,0,0,0,0,0,0,0,0,0,1
603,0xB4e97E24739BaE193a7eF041f110DDE8e7fef754,1,0,0,0,0,0,0,0,0,0,0,1
604,0xB4BBa6864f812d04313936911431Ca2CDa9f8e82,1,0,0,0,0,0,0,0,0,0,0,1
605,0xb407F29d00e0B824BCC28bD2dceCc7dF0664532C,1,0,0,0,0,0,0,0,0,0,0,1
606,0xaa71d845e6Da88069f69e56bE7421a77E2fA87b2,1,0,0,0,0,0,0,0,0,0,0,1
607,0xAa5861528f175DC2FcCb4599Cb049623b8752735,1,0,0,0,0,0,0,0,0,0,0,1
608,0xaa15026DE2458c691C7C1Daa836d079B93D31859,1,0,0,0,0,0,0,0,0,0,0,1
609,0xa9811f9f6B8bCA7f9F91f850A98310e63FBB7326,1,0,0,0,0,0,0,0,0,0,0,1
610,0xA87d3975656f77c5D06AA89A240AE3D22Db399aD,1,0,0,0,0,0,0,0,0,0,0,1
611,0xA83744Ebb1321e21dF821759EF43F80a9df279aA,1,0,0,0,0,0,0,0,0,0,0,1
612,0xa8339E2D9A2F73231e51064d1c35C5b77dd28388,1,0,0,0,0,0,0,0,0,0,0,1
613,0xA7c7Edc67524091B6199DfC533b7fe28111F2009,1,0,0,0,0,0,0,0,0,0,0,1
614,0xa6d06d61efe823F0b273f88c6bF282F7E768f5f7,1,0,0,0,0,0,0,0,0,0,0,1
615,0xA6268f83D75cC43668C1309C5e928db9590a00B7,1,0,0,0,0,0,0,0,0,0,0,1
616,0xA5F753272d7157661b36714BE0ac7A64fF2f2973,1,0,0,0,0,0,0,0,0,0,0,1
617,0xB0131f9775be0d4eD66cC475B3C515A7e1F5d26a,1,0,0,0,0,0,0,0,0,0,0,1
618,0xAFE2b51592b89095A4cFb18da2B5914b528f4c01,1,0,0,0,0,0,0,0,0,0,0,1
619,0xAfAEbc58C7b7b50fA32dc7033D0c36A67aFC1E8B,1,0,0,0,0,0,0,0,0,0,0,1
620,0xAf72a454d6945532441341E917669462B88c5F08,1,0,0,0,0,0,0,0,0,0,0,1
621,0xaeFA0F6cD031F4e5a3E88C61602d7AF1b9E0919D,1,0,0,0,0,0,0,0,0,0,0,1
622,0xA3A161Bad81d107432504ec668ec47d1ea32C93f,1,0,0,0,0,0,0,0,0,0,0,1
623,0xA34a89e0ABAdC57858a3B693fd243267c72A1563,1,0,0,0,0,0,0,0,0,0,0,1
624,0xA2B30bB179C68dd75f8E0AA3247111f079644768,1,0,0,0,0,0,0,0,0,0,0,1
625,0xa267a848eAbc5cD41c8E56bA4b58B10fACdAfF1C,1,0,0,0,0,0,0,0,0,0,0,1
626,0xa23B2E1a64111a2Ef8e6Db1eB8a7fd7a66cF7bF5,1,0,0,0,0,0,0,0,0,0,0,1
627,0xA1D5D2d931b532A0503e97f540f65ed256f374e6,1,0,0,0,0,0,0,0,0,0,0,1
628,0xa1Cd45953095210477ca7f6d7D0Dad4f48688c45,1,0,0,0,0,0,0,0,0,0,0,1
629,0xa1b41fD5e7DEb143EEa066150848b6714e92668a,1,0,0,0,0,0,0,0,0,0,0,1
630,0xA0fF771De32b3Fac426e1ff02FAcb0f40EC9C7Ee,1,0,0,0,0,0,0,0,0,0,0,1
631,0xA0efD27acC781549D5b78e89E561AA0903932d56,1,0,0,0,0,0,0,0,0,0,0,1
632,0xa0c7EeBBdAB3a1887C5380f2a4606b8Eb333012E,1,0,0,0,0,0,0,0,0,0,0,1
633,0xaB0812fc9cB5c33e4D96d9008DF5cD575FCf8ce4,1,0,0,0,0,0,0,0,0,0,0,1
634,0xAAf80F2Da31d224f2d8909b4DfDbF15f1C340BEC,1,0,0,0,0,0,0,0,0,0,0,1
635,0xAadd045f9CDCAF89C2bE5e0381412706B3601215,1,0,0,0,0,0,0,0,0,0,0,1
636,0xaAc19D850C2D2a2687d62459F55c3C25AD0178cD,1,0,0,0,0,0,0,0,0,0,0,1
637,0xaaB3B31B0eAbD268Fbda416910B230F23a945F2B,1,0,0,0,0,0,0,0,0,0,0,1
638,0x9eb645e5377a7cFf632f8b62B3be77AF7Aebf61F,1,0,0,0,0,0,0,0,0,0,0,1
639,0x9DC377624475170C839CDA895B1239a689Ed154D,1,0,0,0,0,0,0,0,0,0,0,1
640,0x9D76Cab6EB4cE9F45688E72C82a83e72904d7D7F,1,0,0,0,0,0,0,0,0,0,0,1
641,0x9d4193D960BF8cC3D6d41C00016CfE65283f9932,1,0,0,0,0,0,0,0,0,0,0,1
642,0x9D2F4c92146cd7ED028a3C515aF2EBc25828A853,1,0,0,0,0,0,0,0,0,0,0,1
643,0x9d0f88F259edC587f0F405252b7C10356F3B5978,1,0,0,0,0,0,0,0,0,0,0,1
644,0x9C9cDeE36F3080c791E4c1d046992a72a8e01b66,1,0,0,0,0,0,0,0,0,0,0,1
645,0x9c532267Be26a644512AE127F6b936cA51e92326,1,0,0,0,0,0,0,0,0,0,0,1
646,0x9C462eA54331Fd86E3E5185Cc36D116301D00794,1,0,0,0,0,0,0,0,0,0,0,1
647,0x9bD668aed96aAb9eC52a23BE401fDe0B08762BdE,1,0,0,0,0,0,0,0,0,0,0,1
648,0x9Ab4e0cC57b3E0445d5Ff34e808D5E68c5F660E3,1,0,0,0,0,0,0,0,0,0,0,1
649,0xa4b24d30313c1DE69312a593cc5F777a74056248,1,0,0,0,0,0,0,0,0,0,0,1
650,0xA464f0d92583a3453AFfEce21aBD8bf242c0bBdE,1,0,0,0,0,0,0,0,0,0,0,1
651,0xa438b338b468aE1350E0F16a810e562dC9eccE8a,1,0,0,0,0,0,0,0,0,0,0,1
652,0xa406A8384F729c9c2C882b64FECA4AcA82C891d4,1,0,0,0,0,0,0,0,0,0,0,1
653,0xa3F8F900068339F58a365B9b9c983f09f096e865,1,0,0,0,0,0,0,0,0,0,0,1
654,0x99F5585Dcc32E2238634f11f32D9Be9Bd5e98b49,1,0,0,0,0,0,0,0,0,0,0,1
655,0x994Cf01f34c51426bCB12bD30Ff7079E280E1140,1,0,0,0,0,0,0,0,0,0,0,1
656,0x991f3775C81D6f8331B9A812eda34eA48a7Ea76d,1,0,0,0,0,0,0,0,0,0,0,1
657,0x991cec65A906B5727B32D175CFC550673A20Ed17,1,0,0,0,0,0,0,0,0,0,0,1
658,0x990255C8adD901b26E177f1Ce8A9ACdeD9Af5cb2,1,0,0,0,0,0,0,0,0,0,0,1
659,0x989Cae3d77853E73957fa8bE58A360f3C00fe4E8,1,0,0,0,0,0,0,0,0,0,0,1
660,0x98800040cAdD4fbe89c5b808b9b03344a5aA41DF,1,0,0,0,0,0,0,0,0,0,0,1
661,0x97E0a1f28c9fff064b2DF8aBbF6a5d4dB374a823,1,0,0,0,0,0,0,0,0,0,0,1
662,0x97df3180b6AC60608CEEc289362E834D530b51aD,1,0,0,0,0,0,0,0,0,0,0,1
663,0x97dF28407B639CF27BF821A71CE77844F99D1953,1,0,0,0,0,0,0,0,0,0,0,1
664,0x97D701C89D14fac4C8421892Eb24454ACa5C7a56,1,0,0,0,0,0,0,0,0,0,0,1
665,0xA0bEb201FF774e4600622C0316F5E5E4A7433b34,1,0,0,0,0,0,0,0,0,0,0,1
666,0xa07894763B8b07971327F08b5bd6FDd98BE4daf5,1,0,0,0,0,0,0,0,0,0,0,1
667,0xA069F2204CAB4862c861925AD40b113D158A5E2F,1,0,0,0,0,0,0,0,0,0,0,1
668,0x9F9EBCE72C0715CdbAD4d589986EB22F6782A1CE,1,0,0,0,0,0,0,0,0,0,0,1
669,0x9f9c69B97DE418338EE32BCa51416492D16DFC86,1,0,0,0,0,0,0,0,0,0,0,1
670,0x969f6c634383D9A7353e9641E64FCc921ed54781,1,0,0,0,0,0,0,0,0,0,0,1
671,0x94CF6982e84195030A2f3E7F9BCc12228caBC254,1,0,0,0,0,0,0,0,0,0,0,1
672,0x94b039A914a90256a3686Df1d839b340388D077F,1,0,0,0,0,0,0,0,0,0,0,1
673,0x94a92b242d8c78189e5C7499025534ab5C449c84,1,0,0,0,0,0,0,0,0,0,0,1
674,0x94828cc25B0672d77229B2C4C6e139a62CCc6EC6,1,0,0,0,0,0,0,0,0,0,0,1
675,0x94750D8b27b2c56D9B2850f18f1DE0BF5d94B5b4,1,0,0,0,0,0,0,0,0,0,0,1
676,0x946E746C1C23670f6c57B0868448c37283B0F74F,1,0,0,0,0,0,0,0,0,0,0,1
677,0x93ef7f5C07063Fb0Bbeb198b88AD5Fa84cB10F22,1,0,0,0,0,0,0,0,0,0,0,1
678,0x93e1d5835FFBEF3e0C506C878f811A80347c0C31,1,0,0,0,0,0,0,0,0,0,0,1
679,0x9361c93b3F5fF8efc930b0BC2C0BF88c2ce1CA81,1,0,0,0,0,0,0,0,0,0,0,1
680,0x9346348d8b49368dE7a8C90522216a58fF91CC4a,1,0,0,0,0,0,0,0,0,0,0,1
681,0x9A96957711CFAE370e7eb314616363c327ccba31,1,0,0,0,0,0,0,0,0,0,0,1
682,0x9A7cfde3931388382A1ac381bF766cCC20835f18,1,0,0,0,0,0,0,0,0,0,0,1
683,0x9A608d9F416518b5F11acf3dC5594C90D6998e2c,1,0,0,0,0,0,0,0,0,0,0,1
684,0x9A2baa30A0cC34201F8b9b7cCcb684F13eb9Fd3d,1,0,0,0,0,0,0,0,0,0,0,1
685,0x99Ff8d953F89ebd7f4FE43E27808cc3bD9de87Cd,1,0,0,0,0,0,0,0,0,0,0,1
686,0x90b873cafd456FD72acC9F21042Da81E376b6641,1,0,0,0,0,0,0,0,0,0,0,1
687,0x9082D7ef8d59a0B00957A8f188C65593b8a75aBF,1,0,0,0,0,0,0,0,0,0,0,1
688,0x90602B9157d1f77947Cc7E79E337EAd8c503F838,1,0,0,0,0,0,0,0,0,0,0,1
689,0x902651B5f65f1017BA167B4883904107Be076162,1,0,0,0,0,0,0,0,0,0,0,1
690,0x8FE7cbeF7F36816c260eE69d34FE5846D86c1934,1,0,0,0,0,0,0,0,0,0,0,1
691,0x8FDCb9234E2411444734Ce20eF9d1C668a4868b6,1,0,0,0,0,0,0,0,0,0,0,1
692,0x8FD7E8b6d238390C107C17124f5B9743bcdEE61B,1,0,0,0,0,0,0,0,0,0,0,1
693,0x8Fc642d66492C830dA43D95da7fE3F027F4F3246,1,0,0,0,0,0,0,0,0,0,0,1
694,0x8FbFB39890510e2785d94fAf14D783163C44B14F,1,0,0,0,0,0,0,0,0,0,0,1
695,0x8F9Fb4b4324F88D4f3beB7908B081FEE9cfc97bc,1,0,0,0,0,0,0,0,0,0,0,1
696,0x8F98f993bBCb1E08fC52f8b5b24f9174F0d26766,1,0,0,0,0,0,0,0,0,0,0,1
697,0x97CB648B0B30550266Bba37B0345B5Cd5F8f7d92,1,0,0,0,0,0,0,0,0,0,0,1
698,0x97263302056c9D2F708153c0AeeE7B7fe5ebEc93,1,0,0,0,0,0,0,0,0,0,0,1
699,0x9712ab54490dDd5491790465472327db04d0cd96,1,0,0,0,0,0,0,0,0,0,0,1
700,0x96aab2750460085C921de93e5cFcEec515B8a2d3,1,0,0,0,0,0,0,0,0,0,0,1
701,0x96Aa890cE271A5457a8F4Edc637d7592200Bda72,1,0,0,0,0,0,0,0,0,0,0,1
702,0x8cA02cF7B1d8b3c82202404fbe5CA5dB9Ca1688b,1,0,0,0,0,0,0,0,0,0,0,1
703,0x8C9aC49Bcd62378b02c76347092ead0d8926FA57,1,0,0,0,0,0,0,0,0,0,0,1
704,0x8C9a169f0A4E3daA2E8d885F1F170dda11DB771B,1,0,0,0,0,0,0,0,0,0,0,1
705,0x8c378de38DD4dc45D8C9f41cf62eDd38217352C6,1,0,0,0,0,0,0,0,0,0,0,1
706,0x8BE3521dcEf6C4eb4b8fa537a4Bd84Af7a4bA5d4,1,0,0,0,0,0,0,0,0,0,0,1
707,0x8b47Ee37623C844590726C394deF95DACf31820d,1,0,0,0,0,0,0,0,0,0,0,1
708,0x8b458561eCaf5197000b4dfFc5757800934f71EF,1,0,0,0,0,0,0,0,0,0,0,1
709,0x8Ade80E9c115E28aB0F6277a650BC69A9b3B232F,1,0,0,0,0,0,0,0,0,0,0,1
710,0x88Df4D4240d4F388A88d9edC1DbC7D0154B996Cf,1,0,0,0,0,0,0,0,0,0,0,1
711,0x88C965e574A96D290BFEC4A942A99A1891eD0106,1,0,0,0,0,0,0,0,0,0,0,1
712,0x884eFF4a9ae6A5b6A4D5ffb8658D69079Bd10e86,1,0,0,0,0,0,0,0,0,0,0,1
713,0x9325d45d61f69B11C104ba37EF71CF717A60Cb71,1,0,0,0,0,0,0,0,0,0,0,1
714,0x92406Eb7Fd336D69fA75763AAADBD1140cC02e72,1,0,0,0,0,0,0,0,0,0,0,1
715,0x91F684d70ced2D9789b1AA89F996b55EaF05eE8a,1,0,0,0,0,0,0,0,0,0,0,1
716,0x9155Bb1d5b63F924f399995f31F9c73f0a64e227,1,0,0,0,0,0,0,0,0,0,0,1
717,0x90FDfB43565DE146Fc3B48F29F63b467E11764E4,1,0,0,0,0,0,0,0,0,0,0,1
718,0x862f088F9d0794EF021C03Fc5ebe198308da9b51,1,0,0,0,0,0,0,0,0,0,0,1
719,0x860fEfE7c2e1cEA51Bc0cAe079237d5eF183945e,1,0,0,0,0,0,0,0,0,0,0,1
720,0x858257cE4CD4fC1448d61036970107865ead6D2F,1,0,0,0,0,0,0,0,0,0,0,1
721,0x856d66fbe98DfE4D3B8cE736da607Ade1f3CDDc5,1,0,0,0,0,0,0,0,0,0,0,1
722,0x8569bd2c1fC82512d6C246Af39225c18acE195B9,1,0,0,0,0,0,0,0,0,0,0,1
723,0x854759239C4B9d1803718F39Ca9b40860d78Cb76,1,0,0,0,0,0,0,0,0,0,0,1
724,0x848a181522c1853d2154E0d64B71BCE04A37d4B6,1,0,0,0,0,0,0,0,0,0,0,1
725,0x83D8a7dE44Dd4CDe7bDa4110Ef42f74a7ec23b81,1,0,0,0,0,0,0,0,0,0,0,1
726,0x833025FC147B4b48E578E7dd3413278581909dd1,1,0,0,0,0,0,0,0,0,0,0,1
727,0x831cDf75Aa6f4C5bb948AE095edb728dBE66A9aA,1,0,0,0,0,0,0,0,0,0,0,1
728,0x82f35049642a9C4D6652992f4f9a41E069FE0962,1,0,0,0,0,0,0,0,0,0,0,1
729,0x8F15571A701525FB4cFB05ecB9Fd0DeE1BbD2d25,1,0,0,0,0,0,0,0,0,0,0,1
730,0x8db9c169273a4630648B42F0823b0f9DC480eFA4,1,0,0,0,0,0,0,0,0,0,0,1
731,0x8d8a2B3AcB3541eeAE32316C86c66C32efE6442d,1,0,0,0,0,0,0,0,0,0,0,1
732,0x8d834919956aF4f696F729bdCAba61c9F16529F5,1,0,0,0,0,0,0,0,0,0,0,1
733,0x8ca1Cd24Bd7A2386f523C36832D25E468072101a,1,0,0,0,0,0,0,0,0,0,0,1
734,0x81cF8aed4CD8eAD1a80cFf195f0162BE5b43BcC5,1,0,0,0,0,0,0,0,0,0,0,1
735,0x81C1B857CC9Dea20216065a83E04F43BE7F262cB,1,0,0,0,0,0,0,0,0,0,0,1
736,0x81B57E2F0413D93abB147f09753E48142457A00a,1,0,0,0,0,0,0,0,0,0,0,1
737,0x80dd39eb6B3bbbBfcCF5717b0A9708bc2809288b,1,0,0,0,0,0,0,0,0,0,0,1
738,0x80bB916913Ab907b40dB9ec9891aF7a8fedeBD60,1,0,0,0,0,0,0,0,0,0,0,1
739,0x80BaA1dDc18E9CF7D5979CAb59AB4fd4f9D1c664,1,0,0,0,0,0,0,0,0,0,0,1
740,0x80719efBa1930C75a43aB2cF402dd2FA42e0F5D1,1,0,0,0,0,0,0,0,0,0,0,1
741,0x8068BD398396B060d820745FDE9C545a38bb776d,1,0,0,0,0,0,0,0,0,0,0,1
742,0x7Ff98e5De5A8f3FBe07AC97F0B99A9Da01F98720,1,0,0,0,0,0,0,0,0,0,0,1
743,0x7fA1dA4C8Bd01566f3A6a8519378721e4F512719,1,0,0,0,0,0,0,0,0,0,0,1
744,0x7f7A8480bD6A9F8709a5b04AEF82c47b41ea0c2B,1,0,0,0,0,0,0,0,0,0,0,1
745,0x87001fE0924B20441d3131631Cf0278d35862906,1,0,0,0,0,0,0,0,0,0,0,1
746,0x86d55A7c9E70ba692b9B9b8460f354034f9Ec896,1,0,0,0,0,0,0,0,0,0,0,1
747,0x86c16F44BC75851a9E2E16e28366aDD78169fEA9,1,0,0,0,0,0,0,0,0,0,0,1
748,0x86b98212B8722e8946B6e55A0aB32C9B577626C7,1,0,0,0,0,0,0,0,0,0,0,1
749,0x866F98E4d2B0742110cd674214767140477BB342,1,0,0,0,0,0,0,0,0,0,0,1
750,0x7dDBECeEe84eb1ddA7D626893B156e6Dc9f906B5,1,0,0,0,0,0,0,0,0,0,0,1
751,0x7dcF46fA4fC7CD89de5fD534F9833Cb8Da1E37fb,1,0,0,0,0,0,0,0,0,0,0,1
752,0x7c0CCeD07503bBd218563ad5fC311a91D0D91614,1,0,0,0,0,0,0,0,0,0,0,1
753,0x7bA2AE0b8316D04fB2b96E9B99Bc9076ecDfBe52,1,0,0,0,0,0,0,0,0,0,0,1
754,0x7B8f0B8E09ca522Ad3418fb89B9176f1bc74644c,1,0,0,0,0,0,0,0,0,0,0,1
755,0x7AB0F85E2de9c89629ADb874a5CF0Ad33B3A6912,1,0,0,0,0,0,0,0,0,0,0,1
756,0x7A9208a793C538f3c131B06847f7Fe1c8854f4d0,1,0,0,0,0,0,0,0,0,0,0,1
757,0x7A81AC54ab686e8539D774E266832650774CA144,1,0,0,0,0,0,0,0,0,0,0,1
758,0x7A5361423Ec75d740D5E011bb4c9f2088F79E785,1,0,0,0,0,0,0,0,0,0,0,1
759,0x78AdB1b4707B4B75A407DD913238735382451481,1,0,0,0,0,0,0,0,0,0,0,1
760,0x7885cA44e57Ad94782538bb151A9daF7e89Fe11F,1,0,0,0,0,0,0,0,0,0,0,1
761,0x82E31888825A2ec4C8A38b3c597307D8B36D9B8E,1,0,0,0,0,0,0,0,0,0,0,1
762,0x823fD1Be32F482cC70B61c21c4D6a7CB92C4E168,1,0,0,0,0,0,0,0,0,0,0,1
763,0x821221842fD8c25f124165DF51a684A1C433f36E,1,0,0,0,0,0,0,0,0,0,0,1
764,0x81F10d99464d604EA1E9242DC71733a506E95b4e,1,0,0,0,0,0,0,0,0,0,0,1
765,0x81e60E3e0EbB7d642F76Ca7805aA41e608304119,1,0,0,0,0,0,0,0,0,0,0,1
766,0x767A13679B96272246Fa6600653f6b4e747faD3D,1,0,0,0,0,0,0,0,0,0,0,1
767,0x76107ad6A0c2AefDC5c19ee047add3D72aFb4984,1,0,0,0,0,0,0,0,0,0,0,1
768,0x757056E3AB3C65c6c8c710F7E6F9A8327Cc6bae7,1,0,0,0,0,0,0,0,0,0,0,1
769,0x7535872226613a97010B7a9528C24eD4C5D2b681,1,0,0,0,0,0,0,0,0,0,0,1
770,0x7525d6C58860ADE364A17F5A1A08B2d0C71cD3AF,1,0,0,0,0,0,0,0,0,0,0,1
771,0x74A13587e4549b5f717f1DB32960247E5EC538c7,1,0,0,0,0,0,0,0,0,0,0,1
772,0x7444b9cA731C287750348c6010CC04bA8C90112d,1,0,0,0,0,0,0,0,0,0,0,1
773,0x7422994BC525276fAbbcc8a5Ca8386883116E246,1,0,0,0,0,0,0,0,0,0,0,1
774,0x73F6171D2C8a27c83401A53CBf8Bd3B8167F939B,1,0,0,0,0,0,0,0,0,0,0,1
775,0x738C5DBcA9F2D022174c7AbF99DA5BEc001FC54d,1,0,0,0,0,0,0,0,0,0,0,1
776,0x73849dd5790F29bdAC8502760602e4360bB6bC1e,1,0,0,0,0,0,0,0,0,0,0,1
777,0x7f4AcA24A93B89859660B104e08Ab3943569577a,1,0,0,0,0,0,0,0,0,0,0,1
778,0x7F04819C4a956436dbd0a10A8F980bc4E0b5138e,1,0,0,0,0,0,0,0,0,0,0,1
779,0x7ee2B3aB0AaF9DDd05cdA7b58fc17FE56a373D95,1,0,0,0,0,0,0,0,0,0,0,1
780,0x7ecB9B1A716298a9396591c8142f6F135334EFbf,1,0,0,0,0,0,0,0,0,0,0,1
781,0x7e1B9a73A1dEAA3fdFAf80a3C3A545936d79Eda5,1,0,0,0,0,0,0,0,0,0,0,1
782,0x7067C50819a3b952239C64159523e7Bb4B19acB7,1,0,0,0,0,0,0,0,0,0,0,1
783,0x703cF6401d04A06378C6F59dbd9117203Ba9892D,1,0,0,0,0,0,0,0,0,0,0,1
784,0x6fd76a04b40073B18D46cEB8a23da1359931AfD0,1,0,0,0,0,0,0,0,0,0,0,1
785,0x6faEf9675d8791C8c40C39bC824a7B0d86258B78,1,0,0,0,0,0,0,0,0,0,0,1
786,0x6f3C3235d26234c549fC9E74C06f776c18817198,1,0,0,0,0,0,0,0,0,0,0,1
787,0x6F0d73D130B8ED47F6cF439e8A0243339261cDb3,1,0,0,0,0,0,0,0,0,0,0,1
788,0x6E9D815b00cb9e7789eF1c027cA45259A9B50aa2,1,0,0,0,0,0,0,0,0,0,0,1
789,0x6e747147F6e1d6d1eD3b71018C5723b1619C5a4B,1,0,0,0,0,0,0,0,0,0,0,1
790,0x6d3E05b7CF18a0698491f790a753fE96C8d4Bd09,1,0,0,0,0,0,0,0,0,0,0,1
791,0x6C9888747D15aFEb3794c7c6d4cEB0B049E497B9,1,0,0,0,0,0,0,0,0,0,0,1
792,0x6C12f884501BD892782F921d2aa0400bAe3C92ab,1,0,0,0,0,0,0,0,0,0,0,1
793,0x78726aC72248b0FB1a58A96711EDB1D33827A4Ba,1,0,0,0,0,0,0,0,0,0,0,1
794,0x7851936bF68EB01dE045C3A919D0BCc088826085,1,0,0,0,0,0,0,0,0,0,0,1
795,0x7744446f4fBE3e660AE9206FB8b0D46b8D097176,1,0,0,0,0,0,0,0,0,0,0,1
796,0x76e92ABD2435E32775f6ff540D0BF691FC51d2F3,1,0,0,0,0,0,0,0,0,0,0,1
797,0x76b00eF3E9aBAdd436d2f2Cd414e44e90015a5aD,1,0,0,0,0,0,0,0,0,0,0,1
798,0x6AEDda33ea76c4F9E3aab46601A4eBA508a3F07B,1,0,0,0,0,0,0,0,0,0,0,1
799,0x6AD2ed770330370c9FFF721e9bD3FAe871Bf543c,1,0,0,0,0,0,0,0,0,0,0,1
800,0x694b9C8f67578dfB91eb36e6C46B92a68ACfc731,1,0,0,0,0,0,0,0,0,0,0,1
801,0x69196C64C4573E46A4010024f84270DBFC976cE6,1,0,0,0,0,0,0,0,0,0,0,1
802,0x683ceC3065994eF0D0d74F31C486Ea755cb1D816,1,0,0,0,0,0,0,0,0,0,0,1
803,0x682CC91DDEDdaa9f81cA905cf7814DEB96b1DBcF,1,0,0,0,0,0,0,0,0,0,0,1
804,0x68156F5AE162CC6A2f52fbAD1C54d69607fe73BE,1,0,0,0,0,0,0,0,0,0,0,1
805,0x67Da918BeC73Bfe665a56FA22C3d095f290006a1,1,0,0,0,0,0,0,0,0,0,0,1
806,0x676C4f2c77F2ed2Cf046F92747AF654A1b40AabE,1,0,0,0,0,0,0,0,0,0,0,1
807,0x676520afecA92a816C7af2acbd5279Cc06FDEda5,1,0,0,0,0,0,0,0,0,0,0,1
808,0x66eCb21b78fC725e10aE255481B52dc15191d0df,1,0,0,0,0,0,0,0,0,0,0,1
809,0x733F6AEbf69D1B80B5B88859240cA155D50517d4,1,0,0,0,0,0,0,0,0,0,0,1
810,0x72Edd09Bb3108701eF55A61F6F009efB85A9C2f4,1,0,0,0,0,0,0,0,0,0,0,1
811,0x71DB4AcB731236BA67482bEE3268a80b9CFf2943,1,0,0,0,0,0,0,0,0,0,0,1
812,0x711346398399BdbcC4C512363C229c4f97feFa92,1,0,0,0,0,0,0,0,0,0,0,1
813,0x708621feA6a3e127f775886f4fcC5A7EDC6cc736,1,0,0,0,0,0,0,0,0,0,0,1
814,0x6534E5D2C59128254bd05923F87524D53f113e21,1,0,0,0,0,0,0,0,0,0,0,1
815,0x65151A6343b16c38286f31fcC93e20246629cF8c,1,0,0,0,0,0,0,0,0,0,0,1
816,0x650f6E0E9Dd0f8070d58176C7aE34A84F433fF32,1,0,0,0,0,0,0,0,0,0,0,1
817,0x64B7497e8aB87d5b61B6b9149EA9459f47112bC2,1,0,0,0,0,0,0,0,0,0,0,1
818,0x649890078Da0f9219D73C35d648699252451c627,1,0,0,0,0,0,0,0,0,0,0,1
819,0x644bF2c24623E5C14EC611183a8124E348667d8c,1,0,0,0,0,0,0,0,0,0,0,1
820,0x6446aD9821021Eeb9f85B8a18B0153d58166d161,1,0,0,0,0,0,0,0,0,0,0,1
821,0x6422378AAc081f2aD01673A0C6B083e2F7ac74A0,1,0,0,0,0,0,0,0,0,0,0,1
822,0x641639e5f01F568e34aa04B47dc700D0903758Bb,1,0,0,0,0,0,0,0,0,0,0,1
823,0x63FA2f11621ddCcFa4B7C6dcA1fB5210e6C49cE7,1,0,0,0,0,0,0,0,0,0,0,1
824,0x63AE5a6F23c1159546e301c77cf121721D44ef2f,1,0,0,0,0,0,0,0,0,0,0,1
825,0x6Bf4f06366ec95968dA2e238788c54E98e17f6C7,1,0,0,0,0,0,0,0,0,0,0,1
826,0x6B4A9A6797df6cB0a8f4C740584b506A1d59AED5,1,0,0,0,0,0,0,0,0,0,0,1
827,0x6b34DD6198Ff0caeDf1E3E22faD6EFf3F6F0988b,1,0,0,0,0,0,0,0,0,0,0,1
828,0x6B224FD0E91029208785DEDa163C5BA20d79901a,1,0,0,0,0,0,0,0,0,0,0,1
829,0x6B1DBA4494147bbFcF3575bBf509b8000d31feCB,1,0,0,0,0,0,0,0,0,0,0,1
830,0x62e949C4150b79d63263430B6C5298550e63A17E,1,0,0,0,0,0,0,0,0,0,0,1
831,0x627afb1341CB1ae3cb3546424709DBA42d88bDE9,1,0,0,0,0,0,0,0,0,0,0,1
832,0x61F3452194de23C765560415894f0249560eCbdD,1,0,0,0,0,0,0,0,0,0,0,1
833,0x61e1576A18E374b5a2DB704E9F53fEF0af9C9754,1,0,0,0,0,0,0,0,0,0,0,1
834,0x61AdB0f5E386b6f1732883aB8322e078BED92AFc,1,0,0,0,0,0,0,0,0,0,0,1
835,0x60E315D6Bd9e82370A609cA9D3F5A09E4Ffb82E0,1,0,0,0,0,0,0,0,0,0,0,1
836,0x5FD776a1Da57aa0A3F22C9B8b2fB7f79B56fA26A,1,0,0,0,0,0,0,0,0,0,0,1
837,0x5F76AcE93E396837ec80D9400B6aC03e2baE9f0A,1,0,0,0,0,0,0,0,0,0,0,1
838,0x5f5094DD7A0ec22A7608C43aD25Dfb07eE2caf9f,1,0,0,0,0,0,0,0,0,0,0,1
839,0x5eC8Cd4881eba87279f5F243Eb89EA9383E677c6,1,0,0,0,0,0,0,0,0,0,0,1
840,0x5EBd148f092839b3Ef38ACFc48EEF7Df580CEBDD,1,0,0,0,0,0,0,0,0,0,0,1
841,0x668540812466219A4cf9EF22151bB7E513010f17,1,0,0,0,0,0,0,0,0,0,0,1
842,0x6675F935cf1a06e6Ed123759B82643359011BA24,1,0,0,0,0,0,0,0,0,0,0,1
843,0x665f44E3c2d7A9D6370E2C682A7D2E88047147Ea,1,0,0,0,0,0,0,0,0,0,0,1
844,0x65D304CAF3fC78e2f77D4607B01E1E29577a074A,1,0,0,0,0,0,0,0,0,0,0,1
845,0x658A5B488368cab97aa61F6cfEcE0F779a4bFbbC,1,0,0,0,0,0,0,0,0,0,0,1
846,0x5cB33476CF637f284744b0AD00eadC6388a7eCC5,1,0,0,0,0,0,0,0,0,0,0,1
847,0x5cA39925aF348525885Cff41dF47aDD5d0378361,1,0,0,0,0,0,0,0,0,0,0,1
848,0x5c4C7f7CF710302be5ACC1ffDa304BDE312205B6,1,0,0,0,0,0,0,0,0,0,0,1
849,0x5C04ffdDa51b294183dcF888Fe81AadfF264809D,1,0,0,0,0,0,0,0,0,0,0,1
850,0x5Bc3911BEAc22F1903fa8eA1D9126eB014E73cc8,1,0,0,0,0,0,0,0,0,0,0,1
851,0x5bBD9F7B7A66E1f7B5B6bd93A794FF2F44a6B21C,1,0,0,0,0,0,0,0,0,0,0,1
852,0x5B9e8bDD8B6EA310Fd16230EBc6c093E6A0FB562,1,0,0,0,0,0,0,0,0,0,0,1
853,0x5B9490a683433Bf68280F1aD7DF7b0FC6b8E72c3,1,0,0,0,0,0,0,0,0,0,0,1
854,0x5b1BB0b40f6F07Bec7ca6Ba448dd3505493f7213,1,0,0,0,0,0,0,0,0,0,0,1
855,0x5ade252a7F52B9D1d4C07030d9d4d39f023f521C,1,0,0,0,0,0,0,0,0,0,0,1
856,0x5aAF5a9EF5f15e4e68379a2e9c46E78f7C6B25F6,1,0,0,0,0,0,0,0,0,0,0,1
857,0x63Acc50099A5feAfdb565Ca630144a3DA9eeDB55,1,0,0,0,0,0,0,0,0,0,0,1
858,0x63845Cd4d1a20c83DEe09BB6e0b66d421C84020C,1,0,0,0,0,0,0,0,0,0,0,1
859,0x636cCdD38DfBFDf18eFA63C72ecCC5dA300c46E4,1,0,0,0,0,0,0,0,0,0,0,1
860,0x635a0C839C184f2C2420630F0828DB1f0A72CBc6,1,0,0,0,0,0,0,0,0,0,0,1
861,0x633B503e413a65Ec22656B1b78D7a7e7B07AC448,1,0,0,0,0,0,0,0,0,0,0,1
862,0x593FAF4FDEbb42649370C09d4cd30b8a5d917198,1,0,0,0,0,0,0,0,0,0,0,1
863,0x58D249A203489D1Cbb991a4558166Baacb4f1bbF,1,0,0,0,0,0,0,0,0,0,0,1
864,0x58bD7893e731f539932a52e96F5B3F805457d315,1,0,0,0,0,0,0,0,0,0,0,1
865,0x5890BEdF1C84104408d8AC8238C74046EAb00FBb,1,0,0,0,0,0,0,0,0,0,0,1
866,0x57DE4a713EbD751de3a4f9332140C60534B8F6e9,1,0,0,0,0,0,0,0,0,0,0,1
867,0x57DCc966a88b2eC2A685112f8F6995B2A2ee1659,1,0,0,0,0,0,0,0,0,0,0,1
868,0x57D3017DB560Ea906E67cEeF0250348793C05053,1,0,0,0,0,0,0,0,0,0,0,1
869,0x57B2Ec90C520FFe23656B2B347a085ce8Ae3aB08,1,0,0,0,0,0,0,0,0,0,0,1
870,0x57786979c5088e17807FeD6a6E4fAa5330D63079,1,0,0,0,0,0,0,0,0,0,0,1
871,0x57513013C42C076eD6b9e6Bd5db6Ee355648d70E,1,0,0,0,0,0,0,0,0,0,0,1
872,0x574382A5dA806DdF413D6FcF1730553FCeFFe33D,1,0,0,0,0,0,0,0,0,0,0,1
873,0x5eAD56eB9E2fac8549713aCE63F9726CCA8295DB,1,0,0,0,0,0,0,0,0,0,0,1
874,0x5EA88df165FF7eA54207bA46e253c23bB330A1a7,1,0,0,0,0,0,0,0,0,0,0,1
875,0x5DC68E37f9bcf63F85e490Ed92Efc166C44Af87A,1,0,0,0,0,0,0,0,0,0,0,1
876,0x5dBC6208Cc2eCB91943355486987AB89B6E7DC2A,1,0,0,0,0,0,0,0,0,0,0,1
877,0x5D22a8A3f7918E6d838A0a58aD4E73e0200Bd656,1,0,0,0,0,0,0,0,0,0,0,1
878,0x558F2db0229415dCC9c4761d9D9fea0DD819E004,1,0,0,0,0,0,0,0,0,0,0,1
879,0x5471A94a7caF2bf5dE080b397d46e4F795cEbb6D,1,0,0,0,0,0,0,0,0,0,0,1
880,0x54397aA0F006B36367641BfB9D7A9A0bd9Bcb474,1,0,0,0,0,0,0,0,0,0,0,1
881,0x54220C29dE063D2066c6d402415440f5E5CcF76B,1,0,0,0,0,0,0,0,0,0,0,1
882,0x541F770Aa951e67e3292F0b0ebdc5777DaC951c8,1,0,0,0,0,0,0,0,0,0,0,1
883,0x53CD788eCB052e47Ca93EdfbCa116A142DAE8318,1,0,0,0,0,0,0,0,0,0,0,1
884,0x51FbbfD7CC0Dd5eb1128B6eD8a1a8819978A7E0b,1,0,0,0,0,0,0,0,0,0,0,1
885,0x51e8959C4EA53D1Cad13B4fcdB5F03A2fC60FF22,1,0,0,0,0,0,0,0,0,0,0,1
886,0x515aD8A102c94416a0584B07be02D10039435765,1,0,0,0,0,0,0,0,0,0,0,1
887,0x50c6077bC33E268880268766FFd38d37476F2Beb,1,0,0,0,0,0,0,0,0,0,0,1
888,0x5087DffB1952a4fBE9389C42EEF9822de6Db22bD,1,0,0,0,0,0,0,0,0,0,0,1
889,0x5a38f942B5A593652ec1EB844CAe8865cdf99412,1,0,0,0,0,0,0,0,0,0,0,1
890,0x59dA03e05a9baa78C2978b3B1374D849E2be3cAB,1,0,0,0,0,0,0,0,0,0,0,1
891,0x59D6779Eca6c91eD7679E261b54299b5155EAdF0,1,0,0,0,0,0,0,0,0,0,0,1
892,0x59659e3270e7e143f8f1Bba1af3D237d8c9f9354,1,0,0,0,0,0,0,0,0,0,0,1
893,0x594C9Ad8D38Fd59daeAe8520Ab1E31B2A866C4f2,1,0,0,0,0,0,0,0,0,0,0,1
894,0x4d588b27603D9B8Fe28989a2bbDF0Df2CB7dEC56,1,0,0,0,0,0,0,0,0,0,0,1
895,0x4cB75146e98562C9d79b31649C6C739e4DCB7CD5,1,0,0,0,0,0,0,0,0,0,0,1
896,0x4c7a3aD8B1315fC91990bC64F39156C793af3feE,1,0,0,0,0,0,0,0,0,0,0,1
897,0x4c75b5B9c2bF46dBE9Db9E477F40514FED66F382,1,0,0,0,0,0,0,0,0,0,0,1
898,0x4B49f6BB5Ed420b19b29D2673F6a8B385E3a0753,1,0,0,0,0,0,0,0,0,0,0,1
899,0x4b43246728B64a75A4c85A290cd32fE1F2aAef3c,1,0,0,0,0,0,0,0,0,0,0,1
900,0x4B1a3BB26c34dD5c4192a0d6A0E116ec968A8C6C,1,0,0,0,0,0,0,0,0,0,0,1
901,0x4B1322BE4B15CD144A0786E5F4Fa23db94030159,1,0,0,0,0,0,0,0,0,0,0,1
902,0x4b040a88cB4Edd02b97F0AB8C97d3da540FC2Cf0,1,0,0,0,0,0,0,0,0,0,0,1
903,0x4AE70118DD2cB814404DaAA064daB470B7F76542,1,0,0,0,0,0,0,0,0,0,0,1
904,0x4AcF17F1e88209646fDC40De16E82Da900070d1c,1,0,0,0,0,0,0,0,0,0,0,1
905,0x56D02f165025a88A3E0FAB6b3798f0918BBe0Da7,1,0,0,0,0,0,0,0,0,0,0,1
906,0x568DdEaC4ca7AC5b8b8d67cAeFbF5bd5b033DccA,1,0,0,0,0,0,0,0,0,0,0,1
907,0x56643144Ff89be04ce8A7350c5087E65e059f02E,1,0,0,0,0,0,0,0,0,0,0,1
908,0x56541d71bD91d41a02647394731257a1284Ed65B,1,0,0,0,0,0,0,0,0,0,0,1
909,0x5623ac7Fbc255CA3b7d080F0ac8a7cE64353EdaA,1,0,0,0,0,0,0,0,0,0,0,1
910,0x47D228fb786BB14117625147f1055638F46b6893,1,0,0,0,0,0,0,0,0,0,0,1
911,0x46FAE152c1FD33af06E19ca528C86ebBbE671caf,1,0,0,0,0,0,0,0,0,0,0,1
912,0x4609f69854dD0931436509a89C15E6BCe0588Da5,1,0,0,0,0,0,0,0,0,0,0,1
913,0x4578aa2A87d7ba8f19b1e51c116e83d8caB286F4,1,0,0,0,0,0,0,0,0,0,0,1
914,0x454335451d8d7e1A811208d95a02e9d102ac36c2,1,0,0,0,0,0,0,0,0,0,0,1
915,0x4511c26588a0F02b0f78F3A706cb3Bd50763171f,1,0,0,0,0,0,0,0,0,0,0,1
916,0x44852361ebC5FDD8fEB8c35CcE3ff7D0C7A35041,1,0,0,0,0,0,0,0,0,0,0,1
917,0x43b8D78925c96061C5905f3f2f713E9823dC34E6,1,0,0,0,0,0,0,0,0,0,0,1
918,0x43831CCd4D1adE29e185b249c356Cf5367350cE2,1,0,0,0,0,0,0,0,0,0,0,1
919,0x437574946e139D9ae2F848407A889236e3ddCa61,1,0,0,0,0,0,0,0,0,0,0,1
920,0x433cec62e43CfFe989B075b49868eCA5E9bEA9d6,1,0,0,0,0,0,0,0,0,0,0,1
921,0x5056211b164444a8121A38dAFDd91886f84012e6,1,0,0,0,0,0,0,0,0,0,0,1
922,0x4f15B0c133C4068F034F5D1533e9A6758b45c206,1,0,0,0,0,0,0,0,0,0,0,1
923,0x4eC7bD7eD2C0f59849Be07C4207f5BB2a05C3Fa8,1,0,0,0,0,0,0,0,0,0,0,1
924,0x4D779C3e621A5eD836DDC31692e3e2e3d75DD3Ad,1,0,0,0,0,0,0,0,0,0,0,1
925,0x4D7060BF9c0D3aE00a1F478E5656B751418D1fD1,1,0,0,0,0,0,0,0,0,0,0,1
926,0x42410c871344742Cc3a201943089C0D7fd5e1a86,1,0,0,0,0,0,0,0,0,0,0,1
927,0x424007C57b284B7c29A5Ef5372beBf2ecDa117Eb,1,0,0,0,0,0,0,0,0,0,0,1
928,0x41ec28eceb137789032B2B505A57c1dA829934CD,1,0,0,0,0,0,0,0,0,0,0,1
929,0x4168D958C147b626c16C2e6B3124B4412cA7CE05,1,0,0,0,0,0,0,0,0,0,0,1
930,0x4166687A150DbA40f5b3E489D3728e16A111b7E0,1,0,0,0,0,0,0,0,0,0,0,1
931,0x40Fec59B0Bd697dd1E4F77Db39236Ae82DdBDE92,1,0,0,0,0,0,0,0,0,0,0,1
932,0x40aA8f08B7a371a075becDDC165579aC5c159441,1,0,0,0,0,0,0,0,0,0,0,1
933,0x40393cc2426711E2a6C2d38E1b2EdE955517fd83,1,0,0,0,0,0,0,0,0,0,0,1
934,0x400C83cb038cd27f0d0f8EBC1c1256c09a662AD5,1,0,0,0,0,0,0,0,0,0,0,1
935,0x3F6e473d9457452952026C6a77eA79A469D8bdd3,1,0,0,0,0,0,0,0,0,0,0,1
936,0x3F53Adeea32bf7a4e8cb196E97401A6FFF1eB937,1,0,0,0,0,0,0,0,0,0,0,1
937,0x4ABb08d8a702D5Df336E6d0d0C440b583630b283,1,0,0,0,0,0,0,0,0,0,0,1
938,0x4A1F8D6B928269561ecee07023cB322cB72eD8C3,1,0,0,0,0,0,0,0,0,0,0,1
939,0x48f7D45FA696Dc89fF4f2233B25490455AE19DC2,1,0,0,0,0,0,0,0,0,0,0,1
940,0x48DFb4cadDF9FDCE0A2D209fc5AbDA86113770d3,1,0,0,0,0,0,0,0,0,0,0,1
941,0x4888afDba4A4f4c74dae7f4860146E4cc41A1615,1,0,0,0,0,0,0,0,0,0,0,1
942,0x3C8C1eE508C6e14F1A56A46775788B8C77Cf15A6,1,0,0,0,0,0,0,0,0,0,0,1
943,0x3c32b911Cdfd3e40b03655E0f108461CACC77534,1,0,0,0,0,0,0,0,0,0,0,1
944,0x3C173E3d1E6eAf8f697DAEA05a39Ff0c067743a4,1,0,0,0,0,0,0,0,0,0,0,1
945,0x3c0E0842368CcB8340C14bD89Db673FfdeF77Caa,1,0,0,0,0,0,0,0,0,0,0,1
946,0x3b604D1273078949F611A354C00600FC900b2075,1,0,0,0,0,0,0,0,0,0,0,1
947,0x3b5A21Dc86A0A03d8a355f7d81a73b67a675a8F1,1,0,0,0,0,0,0,0,0,0,0,1
948,0x3b47ea42223C0F7e3fbFC56a3a0979a3c90B48a2,1,0,0,0,0,0,0,0,0,0,0,1
949,0x3b2e2a702C409dfCe23838C1E515854be47eA763,1,0,0,0,0,0,0,0,0,0,0,1
950,0x3b0E6184024fA350965e77EB658C23E20F7e3149,1,0,0,0,0,0,0,0,0,0,0,1
951,0x3Aa0271a0403D00E1c23b55E4da9e1Ea8946670b,1,0,0,0,0,0,0,0,0,0,0,1
952,0x3A7b3d08393F59134b756D95B04D390e5bd95CcA,1,0,0,0,0,0,0,0,0,0,0,1
953,0x432c48f061377B8CAe88df1208d25D3674446a9A,1,0,0,0,0,0,0,0,0,0,0,1
954,0x42b9dF65B219B3dD36FF330A4dD8f327A6Ada990,1,0,0,0,0,0,0,0,0,0,0,1
955,0x42A55274cBef3071D0d73546628AF224285dB6f2,1,0,0,0,0,0,0,0,0,0,0,1
956,0x42741c76060B37aA816B6119397eCbCF80ceBa9f,1,0,0,0,0,0,0,0,0,0,0,1
957,0x424D79eB7D332A393506079cA4f318DffccEdcD8,1,0,0,0,0,0,0,0,0,0,0,1
958,0x395003239f62ddF9E56D2791b1a4c989d8E65b0E,1,0,0,0,0,0,0,0,0,0,0,1
959,0x393472253EeE6adc02E6aDa6db8D47c43D871750,1,0,0,0,0,0,0,0,0,0,0,1
960,0x38f02c18ee1B85D8CA7FE538137c0a4A587807c9,1,0,0,0,0,0,0,0,0,0,0,1
961,0x38B05766FB7810e96891A90E594dEe3dF140c5Fe,1,0,0,0,0,0,0,0,0,0,0,1
962,0x385DB27193c7B14Cf7ceB8a949BB41c9Fa6755a1,1,0,0,0,0,0,0,0,0,0,0,1
963,0x378092591De32225f71E58DAfB5339172bBc0990,1,0,0,0,0,0,0,0,0,0,0,1
964,0x3774539539A91bA9dBcFbA5802fCBdbb8A40f45F,1,0,0,0,0,0,0,0,0,0,0,1
965,0x3732558AcE6E48170Fb0fe023e617ee1b00982D8,1,0,0,0,0,0,0,0,0,0,0,1
966,0x36Bce4843ce2A555cd97eEfE75BE193FD0912802,1,0,0,0,0,0,0,0,0,0,0,1
967,0x368aBAF15a9B546146521344Db167902929e6674,1,0,0,0,0,0,0,0,0,0,0,1
968,0x361b8DB6C1a587Fb71b8877701Bb0615a06cf914,1,0,0,0,0,0,0,0,0,0,0,1
969,0x3f3623c56Cc427Ea34D37086A14869957a036a17,1,0,0,0,0,0,0,0,0,0,0,1
970,0x3e9f88bdbd46c06071f2C9F1af893DdB6a63F02f,1,0,0,0,0,0,0,0,0,0,0,1
971,0x3e4677f5f3b5f91A55822d2AE7A2151206dcc967,1,0,0,0,0,0,0,0,0,0,0,1
972,0x3Df458a4B6cE57aAAc322015e5fAcEB708BfaE5b,1,0,0,0,0,0,0,0,0,0,0,1
973,0x3Da6E7b363bfA962EE67C8B05b742B11fb724cD3,1,0,0,0,0,0,0,0,0,0,0,1
974,0x349486E7cca7Db941cA771566265D30E098D1D39,1,0,0,0,0,0,0,0,0,0,0,1
975,0x3492Cc54f9705c515655D8E3C4C39B71E98A32f9,1,0,0,0,0,0,0,0,0,0,0,1
976,0x344B914BaC7daf7077A28Ee78E8E7602eEdf1E88,1,0,0,0,0,0,0,0,0,0,0,1
977,0x3449955b99fB54CE7e0804a736ce1f8eDF50Ee08,1,0,0,0,0,0,0,0,0,0,0,1
978,0x33Fb593B4c057cD697813dBA596C621b34eEB013,1,0,0,0,0,0,0,0,0,0,0,1
979,0x33b38d3be35E3C7Ee05b53028A224aEb657f3196,1,0,0,0,0,0,0,0,0,0,0,1
980,0x336670C3344e271dF962bbae39057a7E53FBdF91,1,0,0,0,0,0,0,0,0,0,0,1
981,0x32573ec9734A1054cd0E35F0e28314e688089138,1,0,0,0,0,0,0,0,0,0,0,1
982,0x31dcAD30faaFB5dA1E47F3Dff377F61f44806B24,1,0,0,0,0,0,0,0,0,0,0,1
983,0x31b387cd55f9Bb09dB50f903E3b928c17Df7fDfd,1,0,0,0,0,0,0,0,0,0,0,1
984,0x318375f87609600436a1121BB43e9748b89c756e,1,0,0,0,0,0,0,0,0,0,0,1
985,0x3a5D48144B5Da6574924D6488670A314FE3C7cF5,1,0,0,0,0,0,0,0,0,0,0,1
986,0x3A3412eE1CA341bD42783e0B88eAc497cBacA84D,1,0,0,0,0,0,0,0,0,0,0,1
987,0x3A27AdFDDE1d917984A9169d25e832EADCb5B996,1,0,0,0,0,0,0,0,0,0,0,1
988,0x39dE05Bda2C83b8DDCAEe85BA5Cd89125A57c874,1,0,0,0,0,0,0,0,0,0,0,1
989,0x395B311F9c714D2989ff3f7C0a0a19740E690030,1,0,0,0,0,0,0,0,0,0,0,1
990,0x3097d05f8b24B460916d2B32f9237A3eD242c3Aa,1,0,0,0,0,0,0,0,0,0,0,1
991,0x3078C73483227949eE078e0871Ac492F6E69a92B,1,0,0,0,0,0,0,0,0,0,0,1
992,0x301a111d510702dEFB8498bA4A2d5c012bcC784c,1,0,0,0,0,0,0,0,0,0,0,1
993,0x3007e7e111cB4FC7Ff15970788F8FC96Dff0EB7b,1,0,0,0,0,0,0,0,0,0,0,1
994,0x2F6D0933cF6c2782521e44d1BD303D5569771a9c,1,0,0,0,0,0,0,0,0,0,0,1
995,0x2f225F8A538e7fD613e8ba79DCDdC7D1422AEd1C,1,0,0,0,0,0,0,0,0,0,0,1
996,0x2E1bfb63Fb937b0d8B5d48983C640677c5cD7eAc,1,0,0,0,0,0,0,0,0,0,0,1
997,0x2e0c401a06d732FDB7113014a93877aa6876871d,1,0,0,0,0,0,0,0,0,0,0,1
998,0x2e02389d7aeCAfcA901503B3CEbb5cBFF261f607,1,0,0,0,0,0,0,0,0,0,0,1
999,0x2DD7504C6d9CD7C7Fa0f551123A6eCc0F7602665,1,0,0,0,0,0,0,0,0,0,0,1
1000,0x2d8Dd5B7fB0ca098F0A230b41E3c5CADA6F1F165,1,0,0,0,0,0,0,0,0,0,0,1
1001,0x360cEBaC3453204D44032d4E4d2c9896DE48a85c,1,0,0,0,0,0,0,0,0,0,0,1
1002,0x359453133E2B4fdE12BceECFB804D3f4C22004A9,1,0,0,0,0,0,0,0,0,0,0,1
1003,0x3584F6DCC6A6053b45B89e5D9c9b885a5Df5978A,1,0,0,0,0,0,0,0,0,0,0,1
1004,0x35226E78809a5DaE4562B0B1fC4cf96cdb6A01A8,1,0,0,0,0,0,0,0,0,0,0,1
1005,0x34bf554DA4BA45deec52f32c0074574dfE00780a,1,0,0,0,0,0,0,0,0,0,0,1
1006,0x2Bad924208E881557E6Fb5511644a24299Fb4F76,1,0,0,0,0,0,0,0,0,0,0,1
1007,0x2b960696145D8A350EA6487789a184EA3600c51a,1,0,0,0,0,0,0,0,0,0,0,1
1008,0x2B6d80e9ECcbcaC8aD1aC1969E75B237f5C846fD,1,0,0,0,0,0,0,0,0,0,0,1
1009,0x2b27B733885AD7e33cD777429B00F2b02b48D8f0,1,0,0,0,0,0,0,0,0,0,0,1
1010,0x2A7093F709B1833460e5f638B04cE04D5B33d2F0,1,0,0,0,0,0,0,0,0,0,0,1
1011,0x2A34B50e66c763C440d8fbb9FB19356376AB7e76,1,0,0,0,0,0,0,0,0,0,0,1
1012,0x2A2A034ff6bCBAA143D260d980D6eB9A8126f827,1,0,0,0,0,0,0,0,0,0,0,1
1013,0x29F7853816FcC1fEA55d286E587ebd9d8E826F8a,1,0,0,0,0,0,0,0,0,0,0,1
1014,0x298C8bD6c970Eed9d7b97b51E56F77C13f8B5896,1,0,0,0,0,0,0,0,0,0,0,1
1015,0x2988D030b060EC8C226Eebad66682e5b0c717424,1,0,0,0,0,0,0,0,0,0,0,1
1016,0x295D37AD80c1a23e8fA7442072581ffC5ad18A93,1,0,0,0,0,0,0,0,0,0,0,1
1017,0x317793F94725d590b2DCd28Be0Bf1A185ae6112B,1,0,0,0,0,0,0,0,0,0,0,1
1018,0x31738Dac34244088cE78284DB1074e03DB6F1743,1,0,0,0,0,0,0,0,0,0,0,1
1019,0x3122ac3caABdAc30C69b66E0Cee2D599F1D358f7,1,0,0,0,0,0,0,0,0,0,0,1
1020,0x310ce162dF5B036651b15FE31595bf4b6A2A2476,1,0,0,0,0,0,0,0,0,0,0,1
1021,0x30c842b5091BCA284e6Ce48f3a07d6957F17B225,1,0,0,0,0,0,0,0,0,0,0,1
1022,0x26B0Cb964d19eC7f55D4f822d2bc678262D25867,1,0,0,0,0,0,0,0,0,0,0,1
1023,0x2610651Fd301Bf8185C254a9e96eE5E3391f30d8,1,0,0,0,0,0,0,0,0,0,0,1
1024,0x25dd171D50B5ea1984C427a878498dd1291678d2,1,0,0,0,0,0,0,0,0,0,0,1
1025,0x257Ff8Ae357796bB4d762c76Df7230f13c91D1CA,1,0,0,0,0,0,0,0,0,0,0,1
1026,0x24f2490e571294079dcbC55f88eC14aF69a223C0,1,0,0,0,0,0,0,0,0,0,0,1
1027,0x24CA9423d66595596ea05B2C8A49E94eE79F1FB0,1,0,0,0,0,0,0,0,0,0,0,1
1028,0x24A90059bF3e077640C0A50339107cD4ec79f459,1,0,0,0,0,0,0,0,0,0,0,1
1029,0x24183665cE2b622A6FBaaF155d3E46D599b239b1,1,0,0,0,0,0,0,0,0,0,0,1
1030,0x23Df25611B75609639CaeC6dB2D2f3D19329a692,1,0,0,0,0,0,0,0,0,0,0,1
1031,0x23dc1d4E6845e0d22Ea88658b99FF51A8dEa16BF,1,0,0,0,0,0,0,0,0,0,0,1
1032,0x23C5Fc38090643b410c8c06C4c0F3246059E98EE,1,0,0,0,0,0,0,0,0,0,0,1
1033,0x2d89DA69A23314afcF21AC3619cdCCE3b588ff7f,1,0,0,0,0,0,0,0,0,0,0,1
1034,0x2d79559842b125Ff98ED640A031E50e2d5061e9E,1,0,0,0,0,0,0,0,0,0,0,1
1035,0x2d4b8529c1bdf9948537E00fd0A63307c9DE3cb1,1,0,0,0,0,0,0,0,0,0,0,1
1036,0x2D0AF6b7E9202358ead703A35709F55eB2dd4350,1,0,0,0,0,0,0,0,0,0,0,1
1037,0x2C29992AbAA29763C22e3508F10F7d734cb4e7cc,1,0,0,0,0,0,0,0,0,0,0,1
1038,0x20683b7398f3E5CAd97Fe6317D85e8AC2Fd7f124,1,0,0,0,0,0,0,0,0,0,0,1
1039,0x1FA9A0a079ac9E7Cf4Ef74C10d663116B5C360cD,1,0,0,0,0,0,0,0,0,0,0,1
1040,0x1F8e8AD4A0F7a8aB0d8cB27b5AaccBb110566b9f,1,0,0,0,0,0,0,0,0,0,0,1
1041,0x1F777985ecafaDC3E6a683eE7D55e10503ddd4A1,1,0,0,0,0,0,0,0,0,0,0,1
1042,0x1eE9e2e02864595964CA0B55c1bFbA689EEC4D88,1,0,0,0,0,0,0,0,0,0,0,1
1043,0x1E8eE48D0621289297693fC98914DA2EfDcE1477,1,0,0,0,0,0,0,0,0,0,0,1
1044,0x1E8cd608e37fbfedE9721fF1B94Bd5E5b149c911,1,0,0,0,0,0,0,0,0,0,0,1
1045,0x1DfBEeE45D78AE93934DF5F5e18387f8b3590386,1,0,0,0,0,0,0,0,0,0,0,1
1046,0x1dD87c1D7e20A29d8b80D676946f19776B3d444f,1,0,0,0,0,0,0,0,0,0,0,1
1047,0x1DD1f90bbd0189FdA587FAf9a127708bA08ac048,1,0,0,0,0,0,0,0,0,0,0,1
1048,0x1Dbe67C11c718B4F0D4C22DEF41ba35FC3f6Cf18,1,0,0,0,0,0,0,0,0,0,0,1
1049,0x29405Cc41C4Fa09D27139DcA61220e3d7012f99E,1,0,0,0,0,0,0,0,0,0,0,1
1050,0x28b70156ac20092a961c04AcEEAd0De2e57AEd89,1,0,0,0,0,0,0,0,0,0,0,1
1051,0x27Bc5F4Db8CC494c65b667b71018719D0710CBfb,1,0,0,0,0,0,0,0,0,0,0,1
1052,0x276C7770EF906D6Dc7844356b840097b4335b975,1,0,0,0,0,0,0,0,0,0,0,1
1053,0x2721FAE30447Fa05f4654a98DC135E5C9183Edb2,1,0,0,0,0,0,0,0,0,0,0,1
1054,0x1Ca323E658F4688996ba3Ad73F1f9e6b13448CfC,1,0,0,0,0,0,0,0,0,0,0,1
1055,0x1C670dc214de4819730e7305703ec8C986B8C7fc,1,0,0,0,0,0,0,0,0,0,0,1
1056,0x1ba7C949b058e927e069e7CA0daB2b62Cd119743,1,0,0,0,0,0,0,0,0,0,0,1
1057,0x1B9826b1fe5397c0cB5455Fbb8d7AA2d4e4B282E,1,0,0,0,0,0,0,0,0,0,0,1
1058,0x1AEC57ad47CeDDf22E9821e073bCF48489786BE4,1,0,0,0,0,0,0,0,0,0,0,1
1059,0x1a8edf3D8f53e6725772AF5D4e830062F7C00F8A,1,0,0,0,0,0,0,0,0,0,0,1
1060,0x1A8028927383A0665B62B4AA6eEfD5Dd66cB5A38,1,0,0,0,0,0,0,0,0,0,0,1
1061,0x1a1ca7f86e3dC901e2FFE532c4484e9E57D99fbA,1,0,0,0,0,0,0,0,0,0,0,1
1062,0x1A165ba6606247DC3e6E3dcDDaf4A2c0ba573bf5,1,0,0,0,0,0,0,0,0,0,0,1
1063,0x197008a1D3e26A97A19f46C121482969cEF95b7d,1,0,0,0,0,0,0,0,0,0,0,1
1064,0x194E16E0ABBc334E29A36083dA9e77E07a5656BA,1,0,0,0,0,0,0,0,0,0,0,1
1065,0x22Db23A5916f852F945eB7B8B9ba49822B0616D8,1,0,0,0,0,0,0,0,0,0,0,1
1066,0x21Dfe7Dead0c8ee0177413454AF070936665f39a,1,0,0,0,0,0,0,0,0,0,0,1
1067,0x21Ca746283047fb20257A5a8687D78391aE633cA,1,0,0,0,0,0,0,0,0,0,0,1
1068,0x215C7a8f8e4D47d296eA243A518Bd88A7bf9fc6b,1,0,0,0,0,0,0,0,0,0,0,1
1069,0x20aF7316E7bAa5e8fb42fc2f52641A5236c27515,1,0,0,0,0,0,0,0,0,0,0,1
1070,0x17f43f532b3F91c1628Ff513290e730446Cb9355,1,0,0,0,0,0,0,0,0,0,0,1
1071,0x17d518736Ee9341dcDc0A2498e013D33CFCDD080,1,0,0,0,0,0,0,0,0,0,0,1
1072,0x17b494C82949d6b06890bcf5609F5D072E6EC592,1,0,0,0,0,0,0,0,0,0,0,1
1073,0x17316eE66C50Cc4b807FDC5E940F89a97c9C3282,1,0,0,0,0,0,0,0,0,0,0,1
1074,0x168F87fBfe36B84E44B9d06278B2aA1CC73d7400,1,0,0,0,0,0,0,0,0,0,0,1
1075,0x1672EdcFFE31aDfE3C9283506578E7bDdC4B9134,1,0,0,0,0,0,0,0,0,0,0,1
1076,0x15f31e1315196A104EEaeF2D575e327FbE9C7ffF,1,0,0,0,0,0,0,0,0,0,0,1
1077,0x15A712951A27c681194AF8A65893B414164fe3Cb,1,0,0,0,0,0,0,0,0,0,0,1
1078,0x15198bC084d3c442666C6a60b2F3f35eA50D9893,1,0,0,0,0,0,0,0,0,0,0,1
1079,0x14dD16D788da536A217e47324393E95c9d043099,1,0,0,0,0,0,0,0,0,0,0,1
1080,0x13988CEF5721a77e9A873b9c988559ABd698516A,1,0,0,0,0,0,0,0,0,0,0,1
1081,0x1dA8487B529d17Eacf61D0fa8F03bCB6a833E74C,1,0,0,0,0,0,0,0,0,0,0,1
1082,0x1D7c7f18d76d1Ec14d3394896C29E79f8FD63072,1,0,0,0,0,0,0,0,0,0,0,1
1083,0x1D766BE08132039b9c94e86415Ae0B4D5778F181,1,0,0,0,0,0,0,0,0,0,0,1
1084,0x1D58328205429D39cE21a13DcD3FeB73180C9B20,1,0,0,0,0,0,0,0,0,0,0,1
1085,0x1cb7AaBBec26e658AA6D84a6587ae68955279513,1,0,0,0,0,0,0,0,0,0,0,1
1086,0x120781637314cb4a522c072Fe83F682B88809da6,1,0,0,0,0,0,0,0,0,0,0,1
1087,0x11B9dd6d3129Eb740011b1A948aDCbCB67758a10,1,0,0,0,0,0,0,0,0,0,0,1
1088,0x11b7246173E16F8C10b07d04b719E48282EBe2Cd,1,0,0,0,0,0,0,0,0,0,0,1
1089,0x11475ecA9E123CF0f814Ca0f55479d0f7b3D7D8e,1,0,0,0,0,0,0,0,0,0,0,1
1090,0x1084577B94A412AC182434b37D3B07B3319580d5,1,0,0,0,0,0,0,0,0,0,0,1
1091,0x10701840A201f2DC62E34e872f5EE74a1978b2C4,1,0,0,0,0,0,0,0,0,0,0,1
1092,0x1060e3591850C16c0a0270C303dFC7081f5Aa67d,1,0,0,0,0,0,0,0,0,0,0,1
1093,0x1002D9E169D5389574c381a2cf0f7e0D798e920f,1,0,0,0,0,0,0,0,0,0,0,1
1094,0x1001d2b323c5d6bD07405137347A633c658B5190,1,0,0,0,0,0,0,0,0,0,0,1
1095,0x0FE624fE5444137eDec287E15E03f6B9414aBf2C,1,0,0,0,0,0,0,0,0,0,0,1
1096,0x0fb20260d3E8b9D3023Ca3A5d3423Da7C316e6a8,1,0,0,0,0,0,0,0,0,0,0,1
1097,0x192dAa0e5c88D8FF33387F716239E200E9063a19,1,0,0,0,0,0,0,0,0,0,0,1
1098,0x18caB6Bf8d2774049977c52657A3832A40Cc969a,1,0,0,0,0,0,0,0,0,0,0,1
1099,0x188697f39E2eC9e6E3C5Fd5cBB36b8C01C81a53f,1,0,0,0,0,0,0,0,0,0,0,1
1100,0x18127166DD88A9C75f33BB85209597d0bD785967,1,0,0,0,0,0,0,0,0,0,0,1
1101,0x181235Fb8233aDFFDcd878854e7033ef66e3AEAc,1,0,0,0,0,0,0,0,0,0,0,1
1102,0x02eE9cdaFa7037aa58cBA48c757F88d5eDa73980,1,0,0,0,0,0,0,0,0,0,0,1
1103,0x02D9d71050F22F1FfCFc08544C098e1970ddc53A,1,0,0,0,0,0,0,0,0,0,0,1
1104,0x0232908877511B4a6937983CF78566458F98fb11,1,0,0,0,0,0,0,0,0,0,0,1
1105,0x01e07AFEE3a56d16f2BDFbd697E757e1E086bCbD,1,0,0,0,0,0,0,0,0,0,0,1
1106,0x019Ed608dD806b80193942F2A960e7AC8aBb2EE3,1,0,0,0,0,0,0,0,0,0,0,1
1107,0x011A8FC358Cba4587E66f464e9aEE0f62c7a647e,1,0,0,0,0,0,0,0,0,0,0,1
1108,0x01004bEa6919b67C1475756EA75019F3Bdc40679,1,0,0,0,0,0,0,0,0,0,0,1
1109,0x00cDEbc042C87C95e439E1AeFa0Bd3a8014dA577,1,0,0,0,0,0,0,0,0,0,0,1
1110,0x09fBd9CaF3eD23A816661aD4ad6A7c6b36F4f8dA,1,0,0,0,0,0,0,0,0,0,0,1
1111,0x09C4929482cac3f214cDB0e36851a37ad9f1aAAF,1,0,0,0,0,0,0,0,0,0,0,1
1112,0x091e5780009f074C6eDe9E25409299c51385aE4D,1,0,0,0,0,0,0,0,0,0,0,1
1113,0x136f81563cB4C829B8adD95CDde09d03716D6C2D,1,0,0,0,0,0,0,0,0,0,0,1
1114,0x1341df844780b66AF4ccC98Ae0F34be87eABe1d5,1,0,0,0,0,0,0,0,0,0,0,1
1115,0x132289F7788099b07C1D12a6bFF0a79e6d8aA8d1,1,0,0,0,0,0,0,0,0,0,0,1
1116,0x129Ba4387833448530E99e722Db6CD91552E050a,1,0,0,0,0,0,0,0,0,0,0,1
1117,0x121bb05831125D628459fc76BB16ac92aF3eeA84,1,0,0,0,0,0,0,0,0,0,0,1
1118,0x03Cd609d7C8C4f436F58e8642Dea529E752DEEa9,1,0,0,0,0,0,0,0,0,0,0,1
1119,0x08b47be0dad8C3d4B4830775187AC39420B31f04,1,0,0,0,0,0,0,0,0,0,0,1
1120,0x08923276D4C80282b56Bf41d9204914075d48C72,1,0,0,0,0,0,0,0,0,0,0,1
1121,0x0870Ee957617f1AE55bC2a1c92ed2a98348B2ab5,1,0,0,0,0,0,0,0,0,0,0,1
1122,0x0792E0cae4f970BCBc63d451B01FC0118316Dfa6,1,0,0,0,0,0,0,0,0,0,0,1
1123,0x066D22F32E6009DE31435887650C65E6f728D34E,1,0,0,0,0,0,0,0,0,0,0,1
1124,0x05c2974d048D90EC5Bfa124B6369396727B900fd,1,0,0,0,0,0,0,0,0,0,0,1
1125,0x058d25F3ebAc323790753a03Be63a688739acCDf,1,0,0,0,0,0,0,0,0,0,0,1
1126,0x05747fc55e8156F2337a5e525f5c5818BD8f195F,1,0,0,0,0,0,0,0,0,0,0,1
1127,0x053276cC8D71430156091ffd6Bb1f94f41c586d5,1,0,0,0,0,0,0,0,0,0,0,1
1128,0x04C29ed7da6488bb930E158c601aeFDE1d463aE5,1,0,0,0,0,0,0,0,0,0,0,1
1129,0x042cD024EC30CFadD9856C0427b22F25bc04Ded3,1,0,0,0,0,0,0,0,0,0,0,1
1130,0x041EBB58dB319690823589dE26360b84Dc8DBC17,1,0,0,0,0,0,0,0,0,0,0,1
1131,0xC5c0f5B74f85023649dAB6cDA89Bb838D8b38206,1,0,0,1,0,0,0,0,0,0,0,0
1132,0x0F75E6b951E182B34BDFAe58304A6b4ad6aAc27A,1,0,0,0,0,0,0,0,0,0,0,1
1133,0x0EEef3f419b22a9aCF7a4Feaf622c77bdF744247,1,0,0,0,0,0,0,0,0,0,0,1
1134,0xCd29F697268883e568fB8E34173782F4b03bD835,1,0,0,0,0,0,0,0,0,0,1,0
1135,0xcA2728E3D7921094f953eF0C72BB565B7DC93704,1,0,0,0,0,0,0,0,0,0,1,0
1136,0xc6AC718Da41e44FaD95B6cf3DbC34cC7b20cfc2D,1,0,0,0,0,0,0,0,0,0,1,0
1137,0xC41e5E7804Cf89755eCe46F60346280a9a932239,1,0,0,0,0,0,0,0,0,0,1,0
1138,0xc29067833665820b3505953a87F8265C9f1A517b,1,0,0,0,0,0,0,0,0,0,1,0
1139,0xc05BfcA4Ba08a70d6fdEcCC8C8d8a475A434fe9e,1,0,0,0,0,0,0,0,0,0,1,0
1140,0xbF110beC0ad59Ce25faaD8AeA4E2671422996e31,1,0,0,0,0,0,0,0,0,0,1,0
1141,0x0419395ef65947B74aD9cCd1A9753251e72E411B,1,0,0,0,0,0,0,0,0,0,0,1
1142,0x040a642b223E095C92d6cd383D10cA7361118d16,1,0,0,0,0,0,0,0,0,0,0,1
1143,0x76ab70F47CEC8487a39a5df5c3dC5E67e13d05cd,1,0,1,0,0,0,0,0,0,0,0,0
1144,0xdb618Ae4132511af91892e6a1e0c85B20d7fa918,1,0,0,1,0,0,0,0,0,0,0,0
1145,0x00A078d50361281Bef73Fce7BBAf370F5063C9Cd,1,0,0,0,0,0,0,0,0,0,0,1
1146,0x00517b07DB18A4210276398fe3fab14Dc60F495C,1,0,0,0,0,0,0,0,0,0,0,1
1147,0xac434bd3a16402a978Ea395ab96089452ae67A86,1,0,1,0,0,0,0,0,0,0,0,0
1148,0x0019545C100c3441C4E9D40f24478FBFFA53fd8A,1,0,0,0,0,0,0,0,0,0,0,1
1149,0x03dE10962a59a426ABdD97b6AD54989513BB8210,1,0,0,0,0,0,0,0,0,0,0,1
