address,holding
0x5564Caa789AD35E72b1612D1Bf78dD295b24605b,3
0x505216f954D09B868115B29F48cEabf5393e3faE,3
0x24a000804704B9557466382A806B6BAa31cf574C,3
0xfC64bCa6F17459cFd77Fca8945e20B6867b4B054,2
0xfBA8414d093b0a50C8aeaeC029f793554aFad962,2
0xD6d190a79Faecc78cEa923702ee06221731DE0c1,2
0xCE329bA8f90cEF17eB0de0eFbFE3B45Bc0c911e0,2
0xbB63203FA253B667F1d8D591954F5a14ba5613E2,2
0xB8BafB928a514D2A7599259ccb461CD288393311,2
0xA2e58cFB40DA86c834b1FFd235D370c72d9b686f,2
0x96DcB51be273b408e8d728447C4D581C9d46Be0D,2
0x8aBc16e919C61D5863b34F920dfb4Dc4a97bF036,2
0x8655a759915442AB3b204B2290874249537d2e9C,2
0x411302Ee0f24Ad3FEd1C407D665AB26044F056c8,2
0x2625b4da309819cB8b5eb8aeE13c86ad0e097Ef6,2
0x18a7f79cBE1EAB2B8d3F37c2851ea2ab65503438,2
0x174039A35CBEDb733E864c29fAF54C52589d1f91,2
0x132289F7788099b07C1D12a6bFF0a79e6d8aA8d1,2
0xFFF37B9427C715fd6c6B319586812D8818eda940,1
0xffE5EB7377f0C0C617B83E7e05D0F4f2983dCa9f,1
0xfF6f0a4ACcEB65C69313706EA01Bb726c4926F08,1
0xFF61A6eeee8A960ec07184f8D2724B52b999BcAb,1
0xFF36da79cf472A3d0D60f95561ADCE920514630F,1
0xFeeE79B218C005615b92f92D9b587F928541c7B1,1
0xFEDB83663219E603E1151A9Ef588aF40c8015461,1
0xfe8cC72D95633e3a40CF3D221a609ef0C4807745,1
0xFE4c77cA5b4ed83Da7B0f6D30Ef50c4189A4e83C,1
0xfe4a7CB9C11F090b74811e8620F15CDf806b647b,1
0xFe4841A4615b8132E6E116A033cA39333c63d121,1
0xFe36DBaB33E154D8fC2957eE6e43088f7999eEa3,1
0xfE1A44d6f15c46FB55fc86457E4977de8Ae8E0Ce,1
0xFDfE562ad0DE4157130C3952CBE69EF55392BB56,1
0xFD8f43f82697E17C507cFDFEBF75b48d8db149b3,1
0xFd770fa6212926783c6f2d54346D43936b413Ce1,1
0xfD74e17108ca45b149Be7abbBAfC7ddA83fB3a60,1
0xFD53817F370F4D14B590C14Fa40cC5BC770F57D6,1
0xFd47587C6BD9fC5805053bAa296846Ec1845958a,1
0xfCCF5aEA437B4FF4D3c8b49Ff65F64432a681905,1
0xfcbE4562F258B38364D9be603Ed62641b30f638b,1
0xFCAdE29C55Af041C33011a6C571770b1217BeB59,1
0xFC965C1f270E727C78CF6719d491889a8318BcAe,1
0xFc246a62E02fAaACa94bD78cEFB27ED90819D7B4,1
0xfC1eF2C27746832A13Cf905479eF8E212a18227a,1
0xFbe20f777451754027029Ba60435b53E7a26c5b9,1
0xfbceD3D36BfA798C3aC4fABEBDE438a052fc3C3a,1
0xfB713E80e5222F62dcf978C0859e64DcEd3bb284,1
0xFAC219Be81D0236e4167163111298934B53a6D95,1
0xFa67af95eE4ce8b3C47fEeA6f1Ae4b5dfb62657A,1
0xFa290A48fE91E57a492a17884DA9c61cd0371e21,1
0xf9e1D1e9F22c96752356AdFd377231528c7E851E,1
0xf9816C16D9b976fC2e1a560207cCB3B5DC8eC12d,1
0xF979A3eD486c7BB5b29fe2e6E4aCb76bC1448a02,1
0xf93024091E567b98B264e80DecABCAd5E8dcDf87,1
0xf903742ae14AB2e86FC85847E08EDbC5C79db0B3,1
0xf8eae804C7c38E16c378a9aA35bDF55DB9bFba8f,1
0xF8E72bb79B49BE05d2564c37d59040A7aC318983,1
0xF8e174F227Af736e16d4cBc06A475dDd52A97A93,1
0xf8D307BC22158C8B1852881da9A7DBd97Dfd7Df3,1
0xf89f0c683009fDD94F4563938d91e38F60c09489,1
0xf85d965e9Fd4607B000110253214f49231f0031a,1
0xf801a1c2f1BE24A0278Dd3A8c0B3Ff3d965d9d21,1
0xf7e269EBE5b08fcFC0920041A0960b092340D1Ff,1
0xf7e1b001Ec1870D69f9dc2aC9b017a957e556bcE,1
0xf7cFd8FAF818503c0a13de3697573e83264dE5bD,1
0xF7979Edf3139e557022c827aB08530a6838259B5,1
0xf7713f561a78696eCE91f6ea117190595BBa7349,1
0xf66Cd528F9424A523f441aF86106016F4080CEe1,1
0xF6490029f603eAfB36193a955444Fa85aDB63694,1
0xF6434D72933A04550dd2e028CCEB600472b98b26,1
0xf61467b750F98B40884E23dc051bb297dbC772b5,1
0xf5fE93609B852D51D03b9749d13D4122D76f482b,1
0xf5Cd336c61B3f2B351d235ecBB22322735930abe,1
0xF5c4CE97cde264f046a8f0ECe6De0AA013F6cf3d,1
0xf5b1Ae5B41Bec4AC1b6485df24F972DB899F600B,1
0xF57E2A88E4D26Dfa55f769D62CC1627c0E6D5faE,1
0xf5652F712867EaD6c824E6b242796d7d5ccaE405,1
0xf55ce491aeBA83bE94d0E4A046c5d13E9a31D14B,1
0xF554988fB4B48B61bdDb607eA49c590057b45553,1
0xf54FE1bFEA45AA2F7055118ee4dc04e23fB01A54,1
0xF4f51F13A72e102c7674De9C20D9598763951751,1
0xf4ee1B18aA71a18102af19e6B0170087c82250fD,1
0xf4dCa05D892e46653c4AD1533cB687DfE54a43F8,1
0xf4Bff4FAFCE6bb93eaEAb4C5EdEd3ea681250d5E,1
0xF473De0Df183cb762dd4817489D9357b0beB15fC,1
0xF46EB65348be50FAd58DF986cf3ec190967B7b1E,1
0xF44Afc84b2B1d5391DC6f72EBc431DD280cE8798,1
0xF447B405fC7b41DDfeF3CF66EC790EaBd6b26A47,1
0xF43CAF4D42764d8762C5A58BbD8d252EA8B3a03F,1
0xf3De96Dd26847d877960736E426E2d852B6765f4,1
0xF3c858C337E92F049c39b61340DbbA3D29D0fc37,1
0xF3a9d16D4ac392Ffe02C36A89B6dc71541fA85a9,1
0xF39d75F3D04fec658F966B105d5d96b91e426712,1
0xf35f6B151F726C12Db80A6D39969A27Fa44140c8,1
0xF35C837ab1E4449C11a3190ECA51cC70f6ed6FD5,1
0xF2bE4Db62F453652A49649787ec90aB262916094,1
0xf2b11473143dC06b6a40A008A49fD00961d3Ac98,1
0xF24b122bDceB5D37157417AE2EF7832f076E4729,1
0xf1C9775A71d3Ad07475C4CcC4D877C6aa47f0f18,1
0xF1bd1822aeDa6D43738770a0f9a79F3cAe897831,1
0xF19eB342dAFF975c357451F7612A626A0cB7c607,1
0xF19C52c651D819eEbA7762e7fC83A2E7B016F4c8,1
0xf1755f7d6ac355a3478550d2dd5875de442a4711,1
0xf13b89a4D428d0A581e46D4d539d6F9b3B08c996,1
0xf116Ebf98D4AbDD39bB3F1225cD362d8a76B7E65,1
0xF10529F2A987e2F10B72dd17aDC7a7C78C307d20,1
0xF06DF6190ACFc185EC4F63323F08e83BBd8D666C,1
0xF0596a979c6C7FD02a218b7d71B3351FcF9c2189,1
0xEFf92D36d16f4f7CF0D81feFECB701a42611b38C,1
0xeFD67615d66E3819539021d40E155e1a6107F283,1
0xEFCe837d614e3E94eBC567F2f7F3D84A12597173,1
0xefC5FF84594ebF147dCEAeB5c41079672CF0d85C,1
0xeFB1F0Dd64cA69bDdeb01dA4B7c244E752ed45A9,1
0xeFA54f09c318984c21DA1a942775d1fD7AD889a9,1
0xEf91EC00921DEC40D22BfaE53Feb5349aE7F2fb7,1
0xeF301cFA99e2Ee4662e4f86AC962a80dCA3CDb9E,1
0xEEe85b55F8C6EB0fb32ebD97006e05998CbeD341,1
0xeEBbAf298bb8B5076723d69AF61bf75a5C2ad8d6,1
0xee8F9b32f201ce1cd267F137725011613ead6e33,1
0xee4D078F9E4BBdDe3B951284dBFE7c458Bd8C7BF,1
0xee206E05D50783b2d5c553A56917e990a6BB6750,1
0xEdE040A7E37C6eAa3a6E0Dbf4b60a4b729b84741,1
0xEDbf72f88E72133b10CdDded385D2b0f7b27f588,1
0xeDBb537f05E37CDEFf0e59Ee3Ef56FFfe8Cc3D7E,1
0xED97Ef6D7f2CfD2A989cb9EF9742EeF85842e19D,1
0xEd6Aa751E97cB573Fc06646218F83d5281FDa8ec,1
0xEcDA66d8E3038eBc7766c5C70C8A1973F08a3f5c,1
0xecCE99b4b41a8b27dC280cFB2ee5a55ebCB861Ba,1
0xecCBacEfBDDE4973A9589ee3B5A8149e525016A3,1
0xecc23eCc7364c3883f3d3539882031E281226685,1
0xeCb4aD301a72486d778F4a3fb633E35057A06B8E,1
0xec89eB209a7c3B1a77e184253F3676F50129acad,1
0xeC7F2c1eF6196E84F3F9d25ab93e2d74E0d3fC4e,1
0xEC5bddb1D987d6Bc5b400107b305794922e64b29,1
0xec48ec785B6Bb8f298fe4F4a7868ac4F679E4c39,1
0xEC45956F4224B6b109f23E05C52246fDFf8e8Ea6,1
0xebCE789204e339490F3fF1C385B93Ca81F601365,1
0xebA0ac4318eA9C2a08d43E27B6d56b5136C22216,1
0xeB349F9b8aaB715C7CED28b0967FB133A118C719,1
0xEACeEa702fe9aFc0FB16D93a70672Fe0Cd3d41C0,1
0xEab804590011d0650FcB6c4Da1870C6e9ca062D1,1
0xEA8Fe1B7a4bF7cB733393AC169160F4e696043D9,1
0xeA8D02CAB8104D38277dC723842D8cB24f4aE79D,1
0xeA3E64115BB4e18A44CB10DE2801EdF0bb57fc29,1
0xea3549a358cEE7854C111AC888dE7BcCc3D55C2c,1
0xe9D6EE3900624D3fDA4A5d7d49a9B7A145668FA1,1
0xE9c533A09D01E2E0dA446a41346F43AcFbB39012,1
0xE9B58d5Bb12070f3d436B96264398cb638EdBF81,1
0xe9a830AB84558DA8Fbb7995306bDeDa3F1f6D1DE,1
0xE97047F83589719791D6DA5d016EcbD129Bd2fCC,1
0xe91a75aa1b89F482eE65430CA9cDDCb9a0282970,1
0xe8C079eF126e13BDC8eD5C66af904406EBBA8184,1
0xe8a204e487A026C353cB1438C8D43aAf1e47D644,1
0xE84f05A482C8C872d0327C1E61C95b4F5a2aFB8c,1
0xE835a15900547dF992c5632e0FB94e833CAf11eb,1
0xE8210e4Cf2f4d9478837099426B5cee9DE2Bfa47,1
0xE7Ef3FEfe71b2d0716C4B4971853605e7799cC84,1
0xE7DC0013d6ed26C7DaB0BeC49779A38E8B166663,1
0xe7cFA7b1Bb961d30bec8CEb604632C41C322De2A,1
0xe7868b24a6dcbC06b299b0853fDB8A6f12d676A4,1
0xe77FB6d4a9d94d919FD290f2EF1a21b618Ba9EB2,1
0xE7280b1f9416CA93AaEbcF51212A2D4a8cc8431b,1
0xE725f07Ba64E5110c34Ba9F8a58196986A698BC2,1
0xe6eF6d5a8c02b156e2ae29D557D4dbb92620b295,1
0xe6a808e48ACdbCAD1403c2Ba0D28FE6e3699A550,1
0xe655C22E88C7443F2CC1D76d6b83eb6bd2b15013,1
0xe61D0838e3caD52037bA95fF8D9768AF43070279,1
0xe5F1F7A54bbd745AA3DF3d063E25D6b1423b3c93,1
0xe5b233385AA7962209430506638eaa867F3899c3,1
0xE597d96AfA6f15Af67a72477b62464A7168BF8ff,1
0xE58564b8Ce8344AFDFE3a111bC0B541ee7F5f7Fa,1
0xe550Ff4c89712409f9d70D0A5cc434A145237881,1
0xE53AdE7D9a62ADC6e5ec926272D508CE8729f056,1
0xe53085d26544dAF3BA8f66B2D1B108E285cc51f9,1
0xE4dC0C663a390e3e430F8A97199E6Afb4E374c3B,1
0xE4c64CE63D4AEe584694541eBFf89bE8aC555091,1
0xE48Ac58e79Acd9C722Fb52e5452C839369b53299,1
0xe431119b2248c43f48B09E93E931B90D7Fb2EEd0,1
0xe421c9d5Da7D6129d62e7F37965B4415D9CDFa4E,1
0xe4143bbA9c4D860D95Fad88eC5fc692E70551BF6,1
0xE3E5C5e3dcE459f80AbaFBfDcb3d0788aD5b767C,1
0xe3b6A486BB7143246f0ab52f1b64Aa9A381C86A7,1
0xe32f6aF1Fbd2fA077B17a1E116cB51C22B5f7Efb,1
0xE32709F8fD46F5eE785cad8167EbDCf94e2b55EE,1
0xE2f4F9BD081359DA51Dcb8977Fb46BC5EC05d842,1
0xe2e1C3895Da93E5e4ec7d2DC1d4dC809f3C87118,1
0xE2DB4EdF3795C8c7275dC715e2ABCfe329cf682D,1
0xe2d15e539A4a5775591594594Bb3FF98bd3A62d2,1
0xE2C2bbAc29a8991C21D50cFB76d56Ef455D85157,1
0xe291F31162AA140e1C0E36db15ea40d74550eE5d,1
0xE28033a9BD54202d5f2487dd2C8518F48f4f07C2,1
0xE26A74CD983D675032E098c1e8EC39175C96eEDA,1
0xE20e4722f01B6E78C1a7D9d1b9De7576e4e2d11a,1
0xE20C4225a967a12c40b5CAC343CA3EC7D09a2f48,1
0xE1dd5DEB87bCb9F12770a064CF0dc1F7024098e4,1
0xe173fAdf2ce1340f7d199423dC4111012806Aa8f,1
0xe10A76CAc4f3d807F940A3b98f8F87Aefb7a2cD2,1
0xE0f4Ae65745874118084D74a8e3a5B9b47580205,1
0xe0f2ECFDE179A2b6bd2599aD381ac8c58b7193a2,1
0xE0e134c517Da870bE886caA4c2DB1010d8715D8C,1
0xE0BBA9ef3bD7FB5E875Ec21F72ED5E021F68195d,1
0xE0b4643bB55D533c2F22F9F3aB419AD19B5D9A72,1
0xE0609983F415fB90B2cB31becFC5EE06205acE85,1
0xe05BcDAEe1F9E848f088049A5AA5DaF0B629467d,1
0xe0527E66ED8C7e372007DE0d65A5Eb45caC53e07,1
0xe0487d9796B97aE2762cF48Ba2f066565C0389ad,1
0xDFf8534f3eE03A94ac7d155a5BEeF97Feb2d0182,1
0xDFb34114AbDb32d105a4551117a151C4FDf89a33,1
0xDfA92e887ffc9D4916ED52b40A4B13B4916c0c8C,1
0xdf953d7ca552A6f4b35B8F219fef486C1A893E30,1
0xdf91E519E807afc5b7222270032E3E95E9c485d2,1
0xDf846767d5Ec7324730ce13d1773C99e584AA64F,1
0xDF7C9C26Ab807b27EDB3369453070F0669648c7d,1
0xDf3e23824C6b35Fc005dB2951396669e48bee106,1
0xDf39aB50A2d4503a00D70df0A1B413dFaF288dFf,1
0xdf1C13B1ffFA2aC5984516719cbdBfa22240efBB,1
0xdF16e535EE0Ad5874c664a58FDAA05C9e243D6ee,1
0xDf016d49Bb059b6A1ec651Bbc04c54dE701f5C47,1
0xDec584861c6B4D566EF598810c22a00FBF082022,1
0xDEbafb96E04e3E0f9591989051235bed6F9D8012,1
0xdea56226350B106239B354397D12B62F359d5256,1
0xdE78A3ABb7b2Ff92410c6f82c588015d6a78d988,1
0xdE67826bFAffBF721B6E28867c7c58D834EA0424,1
0xde3b8e574d1AD67F1726B42c4f9C2e6f0B098F38,1
0xddf7048E15c1E1B5E0877c7ea026BA06a2466271,1
0xDd7e681522E7E8A3Aeb051360efABEab55BEBA2D,1
0xdd329299a5816a8b1957fA5AEAa8FbbBB770786E,1
0xDd00aAeBaa7b3F5F7B24c6715ff3FE8d8913958D,1
0xDcF2A3C6187f927D2Ab51eAe870f8905B377fa86,1
0xdCE04f7b358d185d53D958B3ff4cBA7092C9632a,1
0xdc9F1f25377e2dA358E7468F3E4479F02F32eEcA,1
0xdC9528e73f770C93ed7895A2928D52eA1D18E1A7,1
0xdc5DB412a626aa3F27B541eEd3AD0C71F5F14F77,1
0xDc57717B1F5337b8785cE35354BA7C1ff52D6A0a,1
0xdc3F2a0D3dAc8f38Ef8aD1d8F1Eb7fE5Ca4c8201,1
0xDC2EE029Dd7E6DE5Ab7C64FfA894dbf1C1aBC898,1
0xdc2dA4E1a8058bC610E6bbEaD3EEf5D81971e9B2,1
0xdc11cA422d5B30726a0E0B88dF060dCDD2524F09,1
0xdBDf70689CB64b096C5291843936C56731E8240b,1
0xDBdDef91Fc638AD949D5D6121c5b7c42C06CbcD5,1
0xDbd300Eba0F755Bb06DA769A4E1A84E4330068AF,1
0xDBB26d7CD0E27816b476ca8B4C54fb2c9ED89EdB,1
0xDB77fe908933A740549b92A8660D5a445050C895,1
0xDb6C49e63896903803b7443A32FaB10779e7B6Dc,1
0xDb43C9F4745F93e7Ba7d0fF86155c88D5756454a,1
0xdb42e7Ba13faCa75434b7986726b6e426CfE8d11,1
0xDad32Fc8B47190eb3CB2d3AD9512f894E1762a2C,1
0xDa9558dDd9e70e74130825bC69ccbd28c7078ecC,1
0xda8C08c99f154874144B193fF50c3272b952920D,1
0xdA2ec5aD9b89fb663f2a7E5eb3149570E2e59362,1
0xDa23dE4FEa79bc6Eb8147C147650030A4d7d0730,1
0xd9E15752d3DbbB0B18e8e20714F3f6C369320c62,1
0xD9A5B8c4428DB19C54611504c021f11204140Db9,1
0xd9A1699e69D0C0F94f4e05578Cc048365Bfd4735,1
0xD921675afc975f82b9B0ddb5483EB742648FF795,1
0xD91A53803DfFEF52d4f277E55Aa97aD35442a6fF,1
0xD910728b224cC6aCEED8c63150129bA310A64814,1
0xd8FF36BD818BcAE0278F0904D527206363795082,1
0xd8ff0523b7815CA2227fc1d9af94F7379BCc4738,1
0xD8E5A6C7cD33d29778CFF10ab27333e41F520965,1
0xd8E43FC5944Da5dBFA9517224E3d315e44cE58d5,1
0xd8c31BfE46800DCE48e0372C77A637b945060310,1
0xd87120aA0E9220948DCC3D207E0b3df2e4Ade1b5,1
0xd8698a1f365C22EA9a4bBEd6B4A8F9e1Ae8F0846,1
0xd8520793Cb8bfea02B3F28bA99768926949Cf1dd,1
0xd84DF1A9858317db112B599Be4035a7b5546b23D,1
0xD8430211a7FE6086bC336A3fF9bdBD6Af5D2433F,1
0xd8135255bBa7D3af504446A04bF47d261Ba9679F,1
0xD7c640950CF59860220B50a2408176Fa65cbbbd5,1
0xD7bD783b57Cd6201CC0A9d736c866223b57e02ea,1
0xD778494b24e123ECF9873fB60249Dc9D16a10C78,1
0xd7385b0e6db877731913e0568dfC2F5e7B1202f8,1
0xD706Cf104c34E60627a090514F1a5Dfcea51F05a,1
0xD6827F158dd35b593B04ee11d8DB20fc328B82fF,1
0xD66fa7a53803E34fAd9A0eCbd52111E93d0B3542,1
0xd62A862da027716A0F72eA8Be3ee78D2Ee14b9a0,1
0xd5f2DE368439eED5527e88Ea52A7fd44758AEe99,1
0xd5E0C4Bf0074e179de516aA64315F4c4c8D37F41,1
0xd578172Dae2EA99186320eDF13F2E6922A8B8f85,1
0xD4fCac34462b27AF60Ba977aD1bC492D16159b92,1
0xD4F1254C803662c46D9c21f80F4F3c15FF57e2c9,1
0xd4Dfab816A4Cf8596f73A5B415DA7172A947b14d,1
0xD4D80071a6E5FdedA91d140301502B9121aDD675,1
0xd4A0E0cd8D44bdF9324E2487BE126CEFF324Fc00,1
0xD485A5e67815c4d5ef976A2a3f03cd21dF2901A0,1
0xd4282ea73fF6f5199765B9583b3c0D368D82C034,1
0xd40cadE2Edd171214471528f1c0a8c6B9d3B9680,1
0xD3FA6ED099bf262eD26c601C3858EBE12f7C719a,1
0xd3B0fAd898Db7570e72D701FB07bFc05A946271D,1
0xD3aedfB019edC1B55988D273Dc68C7baBbe2FeC4,1
0xD3283dA8F27f017147576699937fa8435daCfac9,1
0xd32820e093Df01D8C2643b6a5B187B8c2b8644bC,1
0xD32497Ce675A70Ac3Cb847822F1eCBCae7A0D5D2,1
0xd3220ae99ACFD50513CdaCD1acfDF6F0aa205715,1
0xd2dF79139aFc0C37dA40FAB2A4e8638E30154D3d,1
0xd2c7922456B5c200291FcE4a81740b795934852f,1
0xd27b3dD64F1d939b65d2447DEeC58cD099d97806,1
0xd253eF26Fd07ADec2372C1bFE31e30519C7bA713,1
0xd2507077267BE657EA6F9eF593C4a797338b8d0a,1
0xD240A9de14E78E9bd709dDca51F3a0063a96780D,1
0xd2210a6E3a4225D1fAED02C2E61FC49F281B5773,1
0xD21AEb00d9501Ce0EA2FD442BCF3Cd8DdB6de7Be,1
0xd20c9018a5097e922e9c0539aef389c871e76C3F,1
0xD1A90CdE483ec18862553Dc6737EA7d6bb46bE51,1
0xd1A4232aeBdf1Dd6121599A6F76841473282a4e0,1
0xD11d74306e28369d0347cE096600CEB1395BDdA7,1
0xD0d032A2Af9240E224f5F3319FBD0055E0aAC018,1
0xd0C7a59e3Ce5a289b553ebF7659F5C3316eCFBB9,1
0xD0c6CcEA1f0a9C7792aE83dD8f70348d2BAf8ae5,1
0xD0BA3E21928c061E912Bf3c7e67eE9588c04e238,1
0xd08Da3621A547d7D7Cb07425e6AA6679C566e40F,1
0xd0520C4C58B77E403443E93F90Cc98D0c04B8c77,1
0xd029E10428827e05BF265e4B052657c8E47C3248,1
0xd010c9b30Ae5761714E85aCe355D42981dCD72C0,1
0xd008B0aFA6Df591989865C544E35FcFE170D5cf8,1
0xCfe99e4DAdDCf2C3D0666e7b23ffA0766B1a4C84,1
0xCFe3f9534dc294430a70469f1dDC5553Bd0D93a3,1
0xcfE203079746bA59A9df82C1bc8D2aE5769807d4,1
0xCfD7Eb22dF95457Aa171ee800f3f23e5Ce480521,1
0xcf7e13B1a8C2E966da29B9bDE66894A2B03C1817,1
0xCe926df3E1D010a0a25C0cFbEFEB99dbF14aa87C,1
0xCe8DfA055e4Cda45E98ebd26718ae9E671c120d5,1
0xcE73705ab8182A0dF5b3d876E3Cc25E0A3F689FD,1
0xce66dD636Fc10253d662a7dFe095492066c1B0F2,1
0xce6364C714bfDF453f01b0A5E6EBA500392976fF,1
0xCe4f9CA745d12A5706269eFcE7b70D596D2808C0,1
0xCe3647fF6fc5A00Df8B6DBF8DAE69dc86D11d86F,1
0xcE10C23561Dce134ae20B32f8166A131c741F463,1
0xcdeBe33AA5E1b275B821166cD4B192E60904CAB2,1
0xcde3725B25D6d9bC78CF0941cC15Fd9710c764b9,1
0xCDdD5e885ebcD21a4b89Dd6B523aC86C5f80F3Bc,1
0xcdDCe70fD894e38648920Bf45d6B350e543dae6B,1
0xcDCD7cD5aFB093011DC31e990Fc09bbAa7B381D3,1
0xcd8Ae42fBe4A619A3A0328504761549C3b1a2c41,1
0xCd6d3c378eFDA43CA33a523fCF56a6f09171768D,1
0xCd6c653FF9d56155a30A0C4b5Bc67C69388271B2,1
0xcD67699d9D057977Ce9a1d6957D463b77a7731E7,1
0xCd29F697268883e568fB8E34173782F4b03bD835,1
0xCd22B8eC5Af086Ea670f700B039520E30AcA2ED0,1
0xCd0D4CDb238Eec15Fcf4ff9d13d5a59051E507D7,1
0xcd088E347aC400327Ed62494FA274D5E69359FEa,1
0xccEf2EE53441509e8eb33C0Cab1661A33FeaF5c9,1
0xCcE05dbfB9Cb6Abb1fd820ae1e8eEeA1fb404018,1
0xccD724B9af92A3A389150334556330EfD3f59487,1
0xCcCE0cad424893Aa8756E4D28FcE3DD03d9615de,1
0xcCca379821A19F6E5224F511f1806D91a81Db6D3,1
0xCca157CB3d3E0D784cB1B91221Ec2a5A51Ece570,1
0xCc453702eB675615F1B4A88a13a4b67D566558AF,1
0xCc23091DE47a988DCB1ac8b0a80B49A14fe0A4ab,1
0xCb930c9C984513FB743AD8eA8e9f339835cA7275,1
0xcB730b834897Ac909FA1070cCEAa58cb0Fd6C117,1
0xcb630c28658d8B4f0509D628D8d947e6F95eA20A,1
0xCB3635373487e96E44c0310819C70f1D258A4256,1
0xcb1587a01d12E060c548712a01dE54fF0C7AC0b8,1
0xCb0A7AD9FE1EeF50d6F118680Cb466F63e73212b,1
0xCB04843cB6a230884739b103819845Ed8f0174fc,1
0xcaF00Bc736846B3575A9B0921aAea45b3A7421fe,1
0xCAcD4783cB406f7c6A5145E7c10655faeFb55CB5,1
0xCA33F4D72a151e382981E55938db19EcAc5b4BD6,1
0xCA1D4Cc015E95d0B46c61d0149F41FBC5728D5E3,1
0xC9fF715ff5fDE21a10c8054085a756ce098fE896,1
0xc9F491C230B4e4137C98C32978C1392Eb3169BC6,1
0xC9D018E15D6FCEC668a36d4A6f0d82a6ac301ebc,1
0xC8D46eb7881975F9aE15216FeEBa2ff58E55803c,1
0xc8C4Ad70435951B6FF18b9A56a9801528FE632a1,1
0xc8Bd91C0BAB8902e1542E3fe4E654769b837507d,1
0xc85C8Bd2B180427aE361899629749666F8Ba34D2,1
0xc846B7d5Ad79060758F9ed2fE6BA5dD68D00C00F,1
0xc8233dD28c72E6110cEA7A105BAfcb0a9f9a60Fa,1
0xc7E8921d5Ed0665Df082D1a4703fE401Aa38024F,1
0xc7CD58102F2827817eF471aAf8E4bDc56da89Eb4,1
0xc77A81D694252209c488759287DDc5291eA5cd68,1
0xC75AE89c39f2f3947DC08A0C5E43D6732e669De7,1
0xC72CBB5fFDD51A71a19c079E012D51Dc31E07Ea9,1
0xC70e59c627201E47a6a8495B8Fe7DDC889524625,1
0xc6D30936E108CC82c4b634c72DAA3148175Ab355,1
0xc6AC718Da41e44FaD95B6cf3DbC34cC7b20cfc2D,1
0xc6633701dBF2cF81646070A04Aa16dB078e93FD0,1
0xc60a98e5082959bb72e14d0e5568154d6618d2f7,1
0xC608F703e6a88e858104B24E6Be99ab7EF7ba8d0,1
0xC5F0B18Ca29709D3e1D25154a7222bD770893712,1
0xc58647A06402A9956b649507c59683d6988E6BCe,1
0xc560AA9AD63c78E65b210bD0eD809bb5aa3911f2,1
0xC5387F818FBcC73AbDd2BD72CfcB20a988557ED3,1
0xC5274bf2E8D54210989e5859C3DD98F8Ef008AE5,1
0xc51798C0Ddef98A97720475A10B1E27892207Cb0,1
0xc4Ca7599d25F914809eB35d176CB152EB2853308,1
0xC4454C2723a47965C06D844ee00bCDAe7C213Dd5,1
0xc43d3ca6BD21a4956f4f4e971107EC018c95408D,1
0xC41e5E7804Cf89755eCe46F60346280a9a932239,1
0xC4104BB94EaC7e7BB1998B06F83d0159dfA82e5d,1
0xC3F01f6e61C0CedBa21b6E22Ea5A005E7b5ECE03,1
0xC39f7c89c564Bde6640e0623C7c3Cc4b038CE195,1
0xC386AD020322b3041C21376BeBD38c00aBd0F7E0,1
0xC35D1124f56EEbf9E727C04fc678191D02df9A09,1
0xc35613C17dAdaA5559B79007473E16eC8b4708BD,1
0xc3394340421c6656880A52Ff1caB0f2c4214B507,1
0xC338AbE58A29585d220fDb6216a2f07d3382194F,1
0xC30ed6aCa855Aefc3858c9fa48fF0B8D9dD6f17C,1
0xC30923f6f821cA57Dbd9429dB8db71781d656b0b,1
0xc306904fb96508Dbc19D72CaA58ACC214b922f5b,1
0xC3057B4F07e20CAaeF063075D05344C9a9E0452e,1
0xC2eCBaD563eD79af01b0fb8FF36e34543D134EE8,1
0xC2b7dFe51AA58d79EE1f5f89F15442bF7381C3E1,1
0xc27BFbb6eA03CF25704f89DF0a2D967bFa1a99dF,1
0xC2495De4314fc492025dEE4376f7226da85b77AC,1
0xc22b9AAc77d506B20a7E7d6885Afc6D26474f1Df,1
0xC204C2567732c87035CcD27B1F673dc9fC41D5e7,1
0xC1dBddD0f2976af78C46be8Af40191e284E91DF3,1
0xC1AbEf3Db6820CffBcc4fF17BAC0e9222263Af42,1
0xC1981D3c7f0dA77c42BfCa91CDd995E44b8150cA,1
0xc151071Dfd5b66698B5d6B55607A63B9daEBD690,1
0xC0A2f5096D5Ddb2F05cae5C793aD1493A28d5321,1
0xC07C4A7eF05c4Aec090cFc7f90Ca7baD5eE6C29C,1
0xc05b6d1CfdbC246926b6f2CD19fDB18e450e07d9,1
0xC0553A677edCFEA471Ef01c9664Dc5865a469883,1
0xc0040244BE4aBFbcE637D11aD48dDb273521C489,1
0xBF62a93c61011C085B2e845F66aD6933dA2309e8,1
0xBF598A1b6e09F6b5e5d129F3b6bc835a169E8d15,1
0xbf53b5650d6eEA5Dfe6E542043b1cBE8111D39Af,1
0xBF1dB0a198976a0F5E257017E7fbe1F80641e41B,1
0xBf185C104196BEBb0F154B45Dc4A2B2d4E7F8753,1
0xBef3784d1C5979e27b9e18F587a79953843Dab11,1
0xBeeB32e8e57D4E9E726960Da3F6174EB1C96AB31,1
0xbecF6C00E5CDd516eB4213E8744dbA559e988B38,1
0xbeBA3987735Efb8743a2DABAcB4E3cDF1f86B23B,1
0xbea1417176F437ca17D23628E8952Bf2fa7240b2,1
0xbE645Ba7160cEA7696b8F0F6F16C21EFC92f2F39,1
0xbe1999EB32E74b6371AeDeFDDDEd9bCFc598D132,1
0xbe0Fe1f0878e3f5b424c5854dD0Cb1E463F656c3,1
0xbe047A44b865854A8E7b108e1bb1b51DEA20C796,1
0xbDA710801342531aDb023df62D6eCCdcEe893d5A,1
0xBD7E9d48169Dee88F2Ed991f343F41E13a188ec2,1
0xBd2c5E96Bf236B1feE57e71b38A9c69731e21ef7,1
0xbd1Ec94670E3670D12d82D77ca7F8437f0353cE7,1
0xbD0F43868181d1C399FC7405fbc46725b2F7ab17,1
0xBcA589EEE75761CbE808F9663Ec62C1eD474BDE5,1
0xBc525c94D5EDD2AbA3D5fbf64B5039e795b8d00F,1
0xBC2E26deD32A96911B65EE2283a1E30F077BbC59,1
0xbC1290D0419beEE30F0dA70235076195A21694AE,1
0xBbf1ff8c350717F99C91Ad5F3B28DCE81f72b406,1
0xbB9AD3062c536c70217A3933Af33987730C52602,1
0xBB4C44Cd1cD582C4a3dbB60C956e96f903F6a7FF,1
0xbB198251D5F81BD40673a1F17497d0bb44dad5EA,1
0xBb10345C0e95D2CF5C6DCC8c2420F7B1905158B3,1
0xbAfdE92A986401477FA778DbE40d37eD8bc8A0f8,1
0xBAf3952E983CB093891e3636d49BBf7B9Fbc99AB,1
0xba8765802198e5c19F2BA8fe9b0dA2B225927AAf,1
0xbA60f3a3e8753E2Fe49A4Eb0D9F4767b349307e1,1
0xBA58A68e9BF71c6a275c351C36af35A1a755Dfb9,1
0xBA45715be95309fb11647589c0610861D3E0CA1a,1
0xbA34fbF9764A9f9b490471789FC1cb5b18b0CAF8,1
0xBA188C418d95145D73f3706b6d436249FA5cbEB7,1
0xb98813a1469cE6528393b04C1f32aF4E58F92803,1
0xB986D4857212A2d2a03a459a9b2d3F6617791002,1
0xB94835172b8321bC98624815944248Fd9E9B6c2f,1
0xB92682a13bbF8584f7521cA58c5f46eff3c9b6cA,1
0xb8DeF7D02d947f7dE25EFA7BF895d1Bc897DA5c7,1
0xB8DEAeDE50A4a40d71217d028Cc4EaccfE718B5F,1
0xb8bbe8DFad6bA8F0E2fa28B29733B059F65A9971,1
0xb8920e475E32B807cE51e0eF823fE070D7D96e8C,1
0xb87F1E64e409EDCC1a08189522c91161De19FaC0,1
0xb873312EEa2b9F07e73f3dF5f628cF4e01026632,1
0xb85114287196183BE3bE968b8b2F0AfFcfF0DEB7,1
0xb82E4d1448CE1B4AB29aCE7C04B5C0427F632b91,1
0xB76fc97FaF0868E4d888F2A39A01c19B87fC9e3c,1
0xB72C7957aE2531Caec4b09ff98E7d4309F7C945E,1
0xb727Cdaf7C727bE131834C6a3c41587EffFe25c3,1
0xB714fa495c0332b49D580F2aabD3dA667D068b0c,1
0xB6F3231ffD185e549d52024b24570De27c7F8d6E,1
0xB6EA1d497Ce6A0308113ff9dac6ba4C7eBC931e4,1
0xb6CCc55F822F3c2Dc512cA33a110E566AD424cCA,1
0xB674Aca8888e44ef0D54A99cD191AF57a415645b,1
0xB66eD94bfdE5081576d365046453b0d325AB26b8,1
0xB667c013AC8c8D6Ca0450dDfae47c52b5e4f82EB,1
0xb6291676ba9C8F2a8744311857550D6A4FA09b63,1
0xb5e7594eC5c93498123571DBAc1e7c1699AfB768,1
0xb5e3c55c5d43E476fDA81f1202Fe55AE0b32dF3c,1
0xB5D1C17749985F8Ba6F17dA81CE42FcE59d9f9f7,1
0xB5BbbD06ee592b74cD02Fe5e9B2530f19B96bd66,1
0xb5A3f183d91E628B9B8DF5cF33E944c320E5905a,1
0xb588e947132B9DEC0c30F555212aE6583f476862,1
0xB57FE62d1fC6c08B7984394ADEA7896623682edA,1
0xB57B0713B72CB43a089dce420db9aAfAAa91be8d,1
0xb54E2F8bEC4e79661998F2f7dC7Ce1849CBA818e,1
0xb547bB170d6f49667d5d770401747CB5E536602a,1
0xb53656B16A86bb819D4391A2d69110eaf9B0531d,1
0xB535ac19Df533873c2c640dF6cD644Cfbf8B5d39,1
0xB535a1702D9055849205e6D7459bA026B09C4a62,1
0xB4Fa1b45bD1f42121D4F9770a9dA36ec6Db453d1,1
0xB4e97E24739BaE193a7eF041f110DDE8e7fef754,1
0xb4bDBb47FF0115f3bab7c971847A04b78c729F1d,1
0xB4BBa6864f812d04313936911431Ca2CDa9f8e82,1
0xb4aaaa14ebEc184523bD453Fb8511325A5A18C59,1
0xB49c63E552e330A66FF882Ce38406CAC9fF30D36,1
0xb45Fba0750776A66F408C55A159A6b6D79f1e57f,1
0xB4420aAE0aFA0C948B31D6C5C0Bd00a887c8F6a6,1
0xB42516DFC0e4f8EFaF5982990aDeCFB761DD9CE9,1
0xb407F29d00e0B824BCC28bD2dceCc7dF0664532C,1
0xB3D8bfEe35c6272095DB789B6eaA45ac2fb571B1,1
0xB3a29E6bEe26663772e4d9d38b453a5ADd44433E,1
0xb379DD027643e23df9762A7dd011ABF0c0DF95F4,1
0xB359F9E770432339C9b112f9934cea558F8230Ee,1
0xb3508ED0962fbFED89c2c18111311661eC67330f,1
0xB34de6FAAA8234f7037077Ac2C9dFe7E12Cf1B74,1
0xB3482723B8B515200a8764c5FA2F5721DB2c3244,1
0xB3117A19adf8966D38b0c66E117F37497B86f139,1
0xB3095a54529d46EB11A383754c40eb123b88ecc9,1
0xb300AA30dD33e1Ae849Cb69FA23D6Ddaf90a69BC,1
0xb2ffA393F0b4072081eB2738EB8340bF877BaE38,1
0xb2F9B85b8ad7E2ba37C076501B03B842c1409878,1
0xb273d405fADA9e78515DE239474E45666293ce08,1
0xB241c99b4bAC18FF38117b106980064285Ae8C70,1
0xb212E85c263094DCC95FC98f646471440F0fA931,1
0xB1Ff388d5952fdc08C803CdEA07f9B5913602F03,1
0xB1f8Baf8c50D9Ff4d96B5591a2588237Ae90589F,1
0xB1Ecc06C51D2523145465C7C2C29930DD47f5947,1
0xB1e302B3a3b0DE2173c1A1c2De19d2868B7C446D,1
0xB1dB513aC47E476944F392D8E047E3A0A5a5FF9C,1
0xb1CF9d4c3743Be59fC87dB20378035A73EAc73E4,1
0xB1B65c40B33aC2D3eba12261F45D5C4e25856A9f,1
0xB19E42e1032e90668a48538239dEb97dB07cb831,1
0xB1978234d50F74a3F5869fc2eBe22604e7aCF15F,1
0xB0aea93f95BC7D4d4436efbB29c54d95bC4ed979,1
0xb09A0b8C795df0A74383121279bE6aa1f02E57a3,1
0xb0776e9f807Af77e8c7fdEDB386262fFB2CA4055,1
0xb0773F23882141d75EaA17115b006F99C00681Fb,1
0xb06145Bc400005e39509A43ca62F521476aA7D4f,1
0xb034c136A2Da4Dda85C9f5BC5A5692e388BCae87,1
0xB0241bb1A040ba99604002FFF03DadC3dB472C7A,1
0xB0131f9775be0d4eD66cC475B3C515A7e1F5d26a,1
0xAff17968fD266b1Cbf69C19b8bE90Fc167D8d3ef,1
0xAFE2b51592b89095A4cFb18da2B5914b528f4c01,1
0xAfAEbc58C7b7b50fA32dc7033D0c36A67aFC1E8B,1
0xAf8E00633707e69b614dB781AC2706b7c79Cdf91,1
0xaF73012108EF66E3cE96978b53704d792E1e21fb,1
0xAf72a454d6945532441341E917669462B88c5F08,1
0xaEEAEAd3f1811A229961Cb488fba7484c6923ff8,1
0xAE699e2c6E4Ac9e4D486A5777f4f4ad0b69C9602,1
0xaE6779A4e97F4503eA14e4f8bD120529388FE463,1
0xAe530FAA906DDBdc6708A2Ce00fA67230Bf8d7dd,1
0xAe4676Dc438Fb131a1e207C4F024e833463090c5,1
0xAE1A1CDB13Ec86506831531D9e52456b2c0eb625,1
0xaDfdA5e88D3642219427DC8278029B17a7DF5CE0,1
0xaDAcbA4Cae9471C26D613F7A94014549a647783C,1
0xADAa78db09f0f38ca68FF357ba5968c96B2d6D8F,1
0xAD8Dc2D9bf4DED1a9537D1045Fd12fb77d939d2E,1
0xaD385b74c72f9E2e39247236c6C110E90562145E,1
0xacfc2c7ED43a568a372df12ca4e0EEbA5018a2Af,1
0xaCE7002aD993bd95B8ce9bBeDaE505250D0a5B18,1
0xACdb292eD21B4ADaC6C7E8EA09178969567Ac316,1
0xaCd7b8C36ca5270435D66f4eDE10c7C76AC2f286,1
0xAc7E3EBa90527A610981E204740BDdb81D63aC22,1
0xAc640fD428E40D82027f221E8Bd9caF6D6A12df5,1
0xAC63D7D9C4E112feb40D17a89a7874dB5f4bD2CB,1
0xAC3fECe0ecB0d7Cf46e5836e0940432b017A5278,1
0xAbfc07De04D41297569b054EbCBd2795b6156c8B,1
0xAbF5cBf354B338b6a385E8533037fA93A621d554,1
0xabee1B0Ec0fc342d7162CAA8A137dbe51289045D,1
0xabAa3153aF57083dF9eA1dA97D9a5F6eAeD5Dd64,1
0xAb97280FA53539aA03A000f58d4B8D44fB104451,1
0xaB6CFbE7Be822C588500c4E024a1A50386F02e60,1
0xaB5eE6F147f068C474Ca168a0D9323702e1A8a3a,1
0xaB4556262319aBE89562e380D1d79a48d79136a7,1
0xaB11b1a380da7C2Fb12bbF7C39fBf156568AcDFE,1
0xaAFB55532B94Cf47b5FFaBdDD5AEAe3e5197A521,1
0xAAf80F2Da31d224f2d8909b4DfDbF15f1C340BEC,1
0xAadd045f9CDCAF89C2bE5e0381412706B3601215,1
0xaAc19D850C2D2a2687d62459F55c3C25AD0178cD,1
0xaaB3B31B0eAbD268Fbda416910B230F23a945F2B,1
0xaa8BDB60eE28E7616Bfe4867f58BfE4EDF858271,1
0xaA76dB8CF0Ac7D1A5cBbaDaeD08170a4cB4b837d,1
0xaa71d845e6Da88069f69e56bE7421a77E2fA87b2,1
0xaa694df9EC9b4e430C386302d488963366354180,1
0xAa5861528f175DC2FcCb4599Cb049623b8752735,1
0xaa35FF3aC94b4b503E1b5E9896f0BDBEA2a6023B,1
0xaa23a779E0E09B40efBc4a5D8539517ffb2E6eF3,1
0xaa15026DE2458c691C7C1Daa836d079B93D31859,1
0xa9C89752eA34fF4F62faA93e71365AF09F838F14,1
0xa9C022511C38127951fA71475e43f469e6ec8E1d,1
0xa9811f9f6B8bCA7f9F91f850A98310e63FBB7326,1
0xA96D54d52A47ce588202b43547F16903d11AEC7f,1
0xa95100f3E436cAc97172Ff55Bba1993677DE6918,1
0xA8A74b381aB5cA14d1e10bf6Db1FE669123CEcc7,1
0xA883Ce2FFAD80206C963CbBC2630eb6957A69601,1
0xA878150E31b3e7d0418A8B5fFb88B102c7f7b289,1
0xa85bd2bfF15565B9653FdbA9Aedf355d5352dA13,1
0xa846f517e8A43b77eeF2ef3a009fB6A5d59AAdb5,1
0xA83744Ebb1321e21dF821759EF43F80a9df279aA,1
0xa822aF484Db265e5bdE05aC644FD531B53d72CA3,1
0xa7e6cc1B23Dcb615F7Abf18cbaA4e0e74a0F1784,1
0xA7c7Edc67524091B6199DfC533b7fe28111F2009,1
0xA796F51e382d6a8a8ccf85b3ed16917367E6a790,1
0xa71dFB5f272ab09c0e153204D4F581Ac21134057,1
0xa6d06d61efe823F0b273f88c6bF282F7E768f5f7,1
0xA624Eb96837659d6a2F24CA2C28c79a21E2286BE,1
0xA5F753272d7157661b36714BE0ac7A64fF2f2973,1
0xa54D6FD8143Af647F49D57f98db806376040868a,1
0xa52dbd0315A9DFC75686Ef1d8e164984e1e8D6FB,1
0xA4f647D133C0987d759035CB830ef0A00b2F8296,1
0xa4b24d30313c1DE69312a593cc5F777a74056248,1
0xa4afeF293B4c828BaCa732f430F69408161E384b,1
0xA464f0d92583a3453AFfEce21aBD8bf242c0bBdE,1
0xa438b338b468aE1350E0F16a810e562dC9eccE8a,1
0xa42cb879992060C937101Fb9194fb87317Ee759c,1
0xa406A8384F729c9c2C882b64FECA4AcA82C891d4,1
0xA3CF16F8626fA7a4320A38281BD64205F2BE788E,1
0xa3a6617418A491E517B97956662c1A3Fc2e62a10,1
0xa3a21E812b19295404e6e807Fb25649C16104FBF,1
0xA36480Aa30B54347E49c905d08979675f9074CcB,1
0xA3268eDfd84415472D9c30eCdEBa487f865Ee063,1
0xa31E78358C267Cc1041A68fbC7EE7ede04e82ee2,1
0xA30c455FF6Fd5A206478f826E486DA72C5363E10,1
0xa2ec72A8208C2B8Ca1a523f0dc1ED3335911A954,1
0xa2A45D50270d68AcFF6375464F56C1c108dc6a8C,1
0xa297bb9a7Aa2AEc77f62dCD93Ea6db256D8643db,1
0xa293f8aA21Dfc94225bD94baa6e5514128f8c487,1
0xA279279EB124dEa02d3ebD398969bA84593d8189,1
0xa267a848eAbc5cD41c8E56bA4b58B10fACdAfF1C,1
0xa23B2E1a64111a2Ef8e6Db1eB8a7fd7a66cF7bF5,1
0xa2025cCE0Bc77a7dc6F5142d6e5cB33e3E845147,1
0xa1E84210239baD5571171a8fe304A90E7Ffe5189,1
0xa1e6B3a1f19f59BeE6C14f4d74EFE0ef2f1C0b96,1
0xA1D5D2d931b532A0503e97f540f65ed256f374e6,1
0xa1Cd45953095210477ca7f6d7D0Dad4f48688c45,1
0xa1b41fD5e7DEb143EEa066150848b6714e92668a,1
0xa1a94702D5a9519A5Ee17729d9fC3Fb40DE0453c,1
0xa12668ca87F46d4d668ef02f6561b0EFe3306c74,1
0xa1190dBb1cDaa4F424c3665128e71Fb3c20707f9,1
0xA0fF771De32b3Fac426e1ff02FAcb0f40EC9C7Ee,1
0xA0efD27acC781549D5b78e89E561AA0903932d56,1
0xa0c7EeBBdAB3a1887C5380f2a4606b8Eb333012E,1
0xA0BAC5279FCe9AE610a4ecf5DBC6166D9ef74438,1
0xa07894763B8b07971327F08b5bd6FDd98BE4daf5,1
0xA069F2204CAB4862c861925AD40b113D158A5E2F,1
0xA01Fe39c54c756572d267290E1bA1A054734DB81,1
0x9fE1381bbf84Af2BD3d1c1EE48EeD57e475f3F30,1
0x9FCE6916A2c4BDEF219C7181Fb31b9d686a3D6C3,1
0x9F9EBCE72C0715CdbAD4d589986EB22F6782A1CE,1
0x9f9c69B97DE418338EE32BCa51416492D16DFC86,1
0x9f8d14f051DD97A43584b5Be8bb537D71F26F392,1
0x9F86dDE96577E4da0FFEab15382F90C8e675770F,1
0x9f462D86Ed7f9B54092793bD34126eb0B4D95cbC,1
0x9f2db4b214b30Af03a20023971C3C43daa22899c,1
0x9F295aC564ff0844EA17ff5907cb94559102D80a,1
0x9eb645e5377a7cFf632f8b62B3be77AF7Aebf61F,1
0x9E95e85D2eBd7224600F5Fe55538CD777a4C12Ca,1
0x9E2b337D5C8074881bCee5A681216865aA222b82,1
0x9e143f0b6b5f5e323D70319424C05d611d646b03,1
0x9dC552A659D48c4479E2231E56a9f93161483Ee8,1
0x9DC377624475170C839CDA895B1239a689Ed154D,1
0x9dBd160E933e269EA46E1E1194fCeEe1caCE0129,1
0x9D76Cab6EB4cE9F45688E72C82a83e72904d7D7F,1
0x9D50813c51824112C9933df2956212e93EcAA4b3,1
0x9d4193D960BF8cC3D6d41C00016CfE65283f9932,1
0x9D2F4c92146cd7ED028a3C515aF2EBc25828A853,1
0x9D29efE75354641c67277a69e2b5D52dbA633eAE,1
0x9D22Fa70Ed3a31F3469cf89D4A5baBdfA7Fdd596,1
0x9d0f88F259edC587f0F405252b7C10356F3B5978,1
0x9D041b6113bb702b5B9Aaf294Ba94c89631b82c4,1
0x9d037EB1fE44A8D7F399b420B81994F66a4E7abD,1
0x9cBE35f2e4CD5E4f2bcca65E676cc927a1647b9F,1
0x9C9cDeE36F3080c791E4c1d046992a72a8e01b66,1
0x9c8A57a6D9d42EFcBD560D5771a07a4227572d74,1
0x9C64059AAa988a50C4F940ee6DE9AF029e7603Fd,1
0x9c532267Be26a644512AE127F6b936cA51e92326,1
0x9C462eA54331Fd86E3E5185Cc36D116301D00794,1
0x9c2757E6ff8bB9dd0C157091827FE1570f3daAbB,1
0x9C01672bCA7C85b7D0422B8cf93A1D4794DbF08A,1
0x9c00833CBA0159f36B5B08a36d2678621D6e86CB,1
0x9b9d813768A507003C5DDE12FeF9F065D58dFA1f,1
0x9B68aC8cDda466c88D2819aac46d9fad28b8f0f0,1
0x9Ab4e0cC57b3E0445d5Ff34e808D5E68c5F660E3,1
0x9AB1433913C1014e2166B3c7F039D9528B1Fc540,1
0x9A9477B1391A070d7c71BF9ca40CA01A706115c5,1
0x9A7cfde3931388382A1ac381bF766cCC20835f18,1
0x9A608d9F416518b5F11acf3dC5594C90D6998e2c,1
0x9a500847fFeDbC3092B5e09EF421660066C8b5AC,1
0x9A3C0fd932A60ddDA24E169d8aa53ac9EA12ae66,1
0x9A2baa30A0cC34201F8b9b7cCcb684F13eb9Fd3d,1
0x9a212d1953dd6D3438a58c8E45092dB9343a135E,1
0x9A075c0Db6bb6a19c589876697Cb94a64E6764a3,1
0x99Fa48ccEa8a38CDE6B437450fF9bBdDAFAA4Fc8,1
0x99F5585Dcc32E2238634f11f32D9Be9Bd5e98b49,1
0x99e4b40cBf2b856BC84B4354cF1342B18506938a,1
0x99a015f30EEEb92f3740C7b71615392A52B4e9bA,1
0x991f3775C81D6f8331B9A812eda34eA48a7Ea76d,1
0x991cec65A906B5727B32D175CFC550673A20Ed17,1
0x9905A919bc98cf8f384F2B31EA3AD1b73e4969D2,1
0x990255C8adD901b26E177f1Ce8A9ACdeD9Af5cb2,1
0x98DeE2F43682a89f1C8405ADEaadd47Ba2DE20cF,1
0x98D91Fb599A7c9a814444f97Eb0175F0e71E3887,1
0x989Cae3d77853E73957fa8bE58A360f3C00fe4E8,1
0x988b23cB7612b606Ed17e175d99B03b607478A95,1
0x988236e5A0a27c62124D131c2B8De67189532100,1
0x98800040cAdD4fbe89c5b808b9b03344a5aA41DF,1
0x985F5aeA24502f0baea3649F945dE910B04DEC86,1
0x983fB78fB1C34cBCbF503D896E6541E09D64FE0B,1
0x97E0a1f28c9fff064b2DF8aBbF6a5d4dB374a823,1
0x97df3180b6AC60608CEEc289362E834D530b51aD,1
0x97D701C89D14fac4C8421892Eb24454ACa5C7a56,1
0x97CB648B0B30550266Bba37B0345B5Cd5F8f7d92,1
0x97746acad994CE94367D705E9ba51B34C7747860,1
0x9756fb60f5CfAc66cb03F4E7881468567dA91f7B,1
0x9712ab54490dDd5491790465472327db04d0cd96,1
0x96cdc03cf2a6CBFB1c378946689FF6E26a5752D3,1
0x96AeE4744aD5163D948247c71f885E5B901Cf85f,1
0x96aab2750460085C921de93e5cFcEec515B8a2d3,1
0x96Aa890cE271A5457a8F4Edc637d7592200Bda72,1
0x96886FB915b845631f491ce74872F01814bd6E57,1
0x962dA50223fD7e9fA35231a097Ee1D95Dd49Bdc5,1
0x962489F08777cf90a98b140436583136e43adBA1,1
0x95Ff996558a173ba43b24f02B2F4BeE56D5bae1B,1
0x95f6328A532cef7E9c508298Ef9761C482B1c674,1
0x95B0cB330519DB2bCaf74B90C1BDe3D62f673718,1
0x95b05F935655c37ADa2088c5767E5006f230B068,1
0x95968F2D5A8fC86aec6a2c93F7D28939AA408B7b,1
0x9589167DDBE4246c10e1282639710934De44A856,1
0x95861622f2A196952561E8e6125221c516500c8A,1
0x9578ef803c478c6Fa47a8433a44Cb6FeAa23b844,1
0x9548355f3FA3fFf884EEE128475651002AB1Aa79,1
0x94d490aD18943e81D4B2398F98d54ADE55b1ffc0,1
0x94d033944B4526Ef8F865282efD0778224b57E6B,1
0x94b039A914a90256a3686Df1d839b340388D077F,1
0x94928A6d608E0B70B8b130e2042f1B3e4E1688A5,1
0x94828cc25B0672d77229B2C4C6e139a62CCc6EC6,1
0x946E746C1C23670f6c57B0868448c37283B0F74F,1
0x93ef7f5C07063Fb0Bbeb198b88AD5Fa84cB10F22,1
0x93e1d5835FFBEF3e0C506C878f811A80347c0C31,1
0x93CDBeDe328192864C54B237D6886453D253bD01,1
0x93Acfd78eBa89297591158B2e0054fA69Fc62967,1
0x937e1b6fe9080AbcD01A7bBa50e9B516Ec731532,1
0x932eF8EA267E18B85b850B5FeD304C1c6c714BF7,1
0x9325d45d61f69B11C104ba37EF71CF717A60Cb71,1
0x92C3B824f08F2fC046D573803f8e170C1A381Dff,1
0x92B23CA2E0886F9F3288011f471B0227d79Df969,1
0x92b1c0F25F5aC9C1546a877Bd4f5c20c4023C8F4,1
0x9277427FaeCDb247214F5b8d817E7139688bC860,1
0x91F684d70ced2D9789b1AA89F996b55EaF05eE8a,1
0x91edB0eEC093371b6639B9d7106e4506971378Dd,1
0x91Dd8B49d4D6a1198D62e7042342d1164018f534,1
0x91AF2E101c1924aC7A2d7650764fd1AEE9A86337,1
0x91628188530F7B93919C81eb4D5dFE9D93ECb5bE,1
0x9155Bb1d5b63F924f399995f31F9c73f0a64e227,1
0x9144069955d7B8835CE9d41260d41DDc4D36E417,1
0x911a205528c54d8B0358d4B3b587EE23F9443a73,1
0x90FDfB43565DE146Fc3B48F29F63b467E11764E4,1
0x90b873cafd456FD72acC9F21042Da81E376b6641,1
0x9082D7ef8d59a0B00957A8f188C65593b8a75aBF,1
0x90672E9290319bB760e121Af4b3fE7A1F02FB64b,1
0x90602B9157d1f77947Cc7E79E337EAd8c503F838,1
0x9057ab83b27a7Ce501ea79eba14616D915cc835b,1
0x9054D405e55Dc35621d550003a0e23bFC3f063cb,1
0x90361d5443Ae9b8162f58cd55483fAB13F6ADEa3,1
0x902651B5f65f1017BA167B4883904107Be076162,1
0x8FE7cbeF7F36816c260eE69d34FE5846D86c1934,1
0x8fe6B7643337404aeb4b3ecAeb47FE3D463bcb77,1
0x8FDCb9234E2411444734Ce20eF9d1C668a4868b6,1
0x8FC6ec0Db5397F3b11af077ca9b2BE2Eb5461825,1
0x8Fc642d66492C830dA43D95da7fE3F027F4F3246,1
0x8FbFB39890510e2785d94fAf14D783163C44B14F,1
0x8F9Fb4b4324F88D4f3beB7908B081FEE9cfc97bc,1
0x8F862cE117a3FeeBc1DC364e02db35ae125d7f40,1
0x8F82e2739ea86D3E2eF14A86df1a19d11F9Cee41,1
0x8F720B5c815422Dfa8Fd637345cA1E584E3a6a3b,1
0x8f3472B06A1cD2Fc40E1d89F24484408107c2E7d,1
0x8f2c0f09F5135312772145a49e633eAc05CFbb93,1
0x8f159fE443fCc096e309750449Fb6046511e35E3,1
0x8F15571A701525FB4cFB05ecB9Fd0DeE1BbD2d25,1
0x8ed591D1D1Cdf23a988463B8C0eB2e155E92986C,1
0x8ec66726D868Aa14E83985F592E11f36a32F536B,1
0x8E2117ca8DEF42d993f19F0da659939375C201f1,1
0x8DF531Bbe86e3aE4Bb107690B7e09478661Ecff7,1
0x8df4Dc31A6b32291296f3Ff2A8e891940159d1F8,1
0x8db9c169273a4630648B42F0823b0f9DC480eFA4,1
0x8dafc11Be620d183DFf019bde98d8b96db395cF5,1
0x8d8a2B3AcB3541eeAE32316C86c66C32efE6442d,1
0x8D183356BB5dd08F48Beb4eEC007560C7275d67D,1
0x8cE6Cf23c18202Fbb9b1206B596Ed58DaE30cb13,1
0x8Cdab9E2C25529C4dE1f973f50E10bAa84542b85,1
0x8ca1Cd24Bd7A2386f523C36832D25E468072101a,1
0x8cA02cF7B1d8b3c82202404fbe5CA5dB9Ca1688b,1
0x8C9aC49Bcd62378b02c76347092ead0d8926FA57,1
0x8C39beeA242D8852dD0214f420418A5F89676966,1
0x8BE3521dcEf6C4eb4b8fa537a4Bd84Af7a4bA5d4,1
0x8b9bCd0E2DF2987912BAc416518aF0799cBE349F,1
0x8B530f3999091435b8C18bBc3c6cA3bC35647453,1
0x8b50a91451Ec3954e0fa1b2aBdeFFbFC3aB21A89,1
0x8b282c2AcD1F81076dF0573acfbee2DeA7088205,1
0x8AedA35240133B2b3a523396E8d0BA192571e49b,1
0x8Ade80E9c115E28aB0F6277a650BC69A9b3B232F,1
0x8AB8d8FFC96a299F4F0331683CF3bFfd03557b46,1
0x8A9E972E17bCf79965695ac84f6D4d080506f36f,1
0x8a6bA017B9e03063258775B0e9367B87Bcb5FD12,1
0x8a45A46761CA50547E88FFb0257cddd698671387,1
0x89B7B72b4a602B13D9c140F4547dB7b4e0AdCC99,1
0x8966D8aCbb4b0d5830fca4b0Dd3b134e41049B19,1
0x89668139f84AC5e091D26048399F1AaC4019E32F,1
0x894B3881264b48644b520458C6Af4dDb248BCDC2,1
0x893733d3E94633384229b9a0D0C3f5cA00eca0Ed,1
0x893327ef6aF0b39665B649ae36f37e1142a19a01,1
0x89249F352EdD0b4e45E7e90f1CAD69460F27bD55,1
0x88C965e574A96D290BFEC4A942A99A1891eD0106,1
0x888e44eccad0dbc2AFA7A7F4B1A65e14fc9CD561,1
0x884eFF4a9ae6A5b6A4D5ffb8658D69079Bd10e86,1
0x87C48f44EB53e8E7A1320Cd5CaFe4f903CFfED67,1
0x8757F328371E571308C1271BD82B91882253FDd1,1
0x8715dF83Cbeb900fb442d757B9787b3A093B1326,1
0x870485C276157aEE5660Fcb67585c34d2Ed3B506,1
0x87001fE0924B20441d3131631Cf0278d35862906,1
0x86e1cb61d9348e44FDD9d2E040A82aA95641bdCc,1
0x86D7933192B1fAccb62dB1e893dfe25D1e2104A7,1
0x86d55A7c9E70ba692b9B9b8460f354034f9Ec896,1
0x86c16F44BC75851a9E2E16e28366aDD78169fEA9,1
0x86b98212B8722e8946B6e55A0aB32C9B577626C7,1
0x866F98E4d2B0742110cd674214767140477BB342,1
0x860fEfE7c2e1cEA51Bc0cAe079237d5eF183945e,1
0x85c4cDbBe7cbb7eEcecA0F835E66451De5a61D1C,1
0x85b25236daf01762343E8ACBdeDD3b421480b607,1
0x858257cE4CD4fC1448d61036970107865ead6D2F,1
0x856d66fbe98DfE4D3B8cE736da607Ade1f3CDDc5,1
0x8569bd2c1fC82512d6C246Af39225c18acE195B9,1
0x8550f19756e1B461EE12e50383A2739DdE4c07B8,1
0x854e7Ef10c49950b5123836a782ad42263c49d3B,1
0x854759239C4B9d1803718F39Ca9b40860d78Cb76,1
0x84E89eFbeaD5707B3665707cd273704D36b3b98a,1
0x848a181522c1853d2154E0d64B71BCE04A37d4B6,1
0x847f51c9Dd30dbDc5D973b398D381Aa3d2Aa4063,1
0x83E50247E2615edC35c34576EA6dc881A9cf3483,1
0x83DB77A8CDF334a40196B0c60EdA7614BA038920,1
0x83D8a7dE44Dd4CDe7bDa4110Ef42f74a7ec23b81,1
0x83bbe9CFCc205bb8E53cBa0b51d6db9386CE58B5,1
0x83B45b22d289D46fee89fAce4E2137D6432A7D97,1
0x83A41F86889D9e62d12b61523200c9c671f094a0,1
0x839084719E2E507BAdAA2725e5b6036a71D38d78,1
0x8362BeeC6F02a977fde4158bC5626329374DE3c5,1
0x8346Ac89e4B3297F014050dFe8baf87bF7567e63,1
0x833025FC147B4b48E578E7dd3413278581909dd1,1
0x831cDf75Aa6f4C5bb948AE095edb728dBE66A9aA,1
0x82F91ab95dD830706ceC0690D790A4ceF23d209C,1
0x82f35049642a9C4D6652992f4f9a41E069FE0962,1
0x82e8c1426715BD933c198D09c41EAd519f251842,1
0x828AE2080d961CfFF81e418089f1D01C08E6713F,1
0x827ed106dA24ca8a8aA16BFe78f5e89b171f4062,1
0x823fD1Be32F482cC70B61c21c4D6a7CB92C4E168,1
0x821221842fD8c25f124165DF51a684A1C433f36E,1
0x81facc69908D9C1188280fBB2793567De39f8f9B,1
0x81F10d99464d604EA1E9242DC71733a506E95b4e,1
0x81e60E3e0EbB7d642F76Ca7805aA41e608304119,1
0x81cF8aed4CD8eAD1a80cFf195f0162BE5b43BcC5,1
0x81cEC7a198D6Cf03b9838511A33247Fb7d4A68C7,1
0x81C1B857CC9Dea20216065a83E04F43BE7F262cB,1
0x817E1eC8dE3CE27dd5478D57720E09951Fde3a75,1
0x816B94fC439190aC0B7D1aBeC526d1A04dA42E7c,1
0x80bB916913Ab907b40dB9ec9891aF7a8fedeBD60,1
0x809e299f6D3db0627b351Fc1421607807eA18Ca2,1
0x80719efBa1930C75a43aB2cF402dd2FA42e0F5D1,1
0x806Ac74a2dd96e18508F2E86EB1fb9AC2056A93e,1
0x8068BD398396B060d820745FDE9C545a38bb776d,1
0x8021901eDf9F27aDe04D5755ffb4BE6de4c9a9FF,1
0x8008C76d9d9484b6Af5d53B7426b1c84A63dbfE4,1
0x80003667826e1E03D9D8FeB4bfEc8f9a2b6c4eC6,1
0x7fdfEb80A18BC30604090DeFB5Bb53206e7E2c4a,1
0x7fB29902309e4D25f95AB7dC280ae2D46212f9B6,1
0x7fA1dA4C8Bd01566f3A6a8519378721e4F512719,1
0x7F97F1e1173741F971565779CBdEeDA97D60d164,1
0x7F7835Dfe1f050f48597380551d5d2eF792d50Bf,1
0x7f1f4A618B1d92F8B2261e2D6c8433F5f2D9BB29,1
0x7F1F3904C90801A279377476d5Ca58a1b2d0B840,1
0x7F143A46aF0150FcF410655Be6543b36Be2dF44c,1
0x7F04819C4a956436dbd0a10A8F980bc4E0b5138e,1
0x7efB596E6958E33c7D74Ab73D5aa4817Ff58D182,1
0x7EF5505bF5eC2466f1b4221e2247909E9F947fF0,1
0x7E96231449E88C76Dce156E4078C7124802d66c7,1
0x7e6eb2123463ca93BD0EF64bbcDde8dB16d77c42,1
0x7E51D494851712bCe93F594466B58974e392297D,1
0x7e1B9a73A1dEAA3fdFAf80a3C3A545936d79Eda5,1
0x7e05389332c929778C8807DDb3b896190DA36d7E,1
0x7DdefC5699D351C1E8c9a29f74a939193E593626,1
0x7DdEb225C526f4615fdbCc1804C8d3047d0560c4,1
0x7dC3E945238fdB44936eEbe654422A83bdf5D9fF,1
0x7cE40f56E5A6929be6C19D58Dd772D788A18f70D,1
0x7cBB38373ace7071fF74Ee5391F2FA75bD2A0886,1
0x7C8b3D6D877Ad14ea57e868081B6e11275fFF717,1
0x7C7C805cA81fE6129a9F5Cad520Ec5F2c8D60d46,1
0x7c60b4b4969bAD4a972607510AcAEdac5Ff113cb,1
0x7c45FB10a18f834a47cc3F470E97140A399B6AF8,1
0x7C1DB8f7df7e381823F3922Ea1190244bE7f5B04,1
0x7c1A57a5Dd50F399a802A304a3E8955c8421D5e7,1
0x7c0CCeD07503bBd218563ad5fC311a91D0D91614,1
0x7BEE10a601D3473C524e4E5E94f1DE2911f1Be12,1
0x7bc92c012Ce5494ED9813Df4194416F3E5ec0581,1
0x7B1dAf7487E3AECC751F6cbbBf49651de26F4910,1
0x7ac1A2EAc7E883490D627379Fe9702534d06015d,1
0x7ab9cb12756366e4Db93305c78cC1b5605c0EF10,1
0x7AB0F85E2de9c89629ADb874a5CF0Ad33B3A6912,1
0x7A9208a793C538f3c131B06847f7Fe1c8854f4d0,1
0x79Bdda65C706CBdA69C0AD4C8da1d3e91724f48D,1
0x79Ac17c50ed5b1330C130036328260060c7b5a3c,1
0x793C2747aE995C96B72490a0436601f0A0BD2099,1
0x78C0E2FbAB1990058E49954Cf1F54932E10C7Aeb,1
0x78C00b4071022fcdEe732E4d5f72c02254c763D5,1
0x78ADE0FC66c6c06886f5F3e6e64Cb7A5F37C2523,1
0x78AdB1b4707B4B75A407DD913238735382451481,1
0x78A7F892a56Cf27AD7F56B0fC362B4f8f68a6F5a,1
0x7885cA44e57Ad94782538bb151A9daF7e89Fe11F,1
0x7884468abcd9615D30836dC821694bb8e8aCf6B9,1
0x787472811632B2bb9Cd7E914bdAf0Acfca64f40B,1
0x78726aC72248b0FB1a58A96711EDB1D33827A4Ba,1
0x7851936bF68EB01dE045C3A919D0BCc088826085,1
0x7838C2E260c4bB298be6A89d25a6C23c9Df0933a,1
0x783756A5eF088720D2a3296cdd5336659B2D0E67,1
0x7822e17509A2B302C8483F38F6F69967c36bB656,1
0x77eE6c67B0E43e16C9282dE60f639D68D21a7c28,1
0x76ec5398eB3B08F2B22b887b82578ec64fb7fcB0,1
0x76e92ABD2435E32775f6ff540D0BF691FC51d2F3,1
0x76BF0b7D61878EC164618Ae00F2B83fB7d3D3b54,1
0x76BB45EDa9Ac993Dc510a0ADf681665e73c0D6fF,1
0x76B4B991d3Ae570a2D0D04Ed511e9779080c5340,1
0x76b00eF3E9aBAdd436d2f2Cd414e44e90015a5aD,1
0x767d76D5838b71F06456b70b4B2eB34EaD169A6d,1
0x767A13679B96272246Fa6600653f6b4e747faD3D,1
0x760A6aF56ed307726C8e922C5Ebd70DbD82751A0,1
0x758a1e3E12eF6c74D77b4320ea4EF017ad5a4fC4,1
0x757056E3AB3C65c6c8c710F7E6F9A8327Cc6bae7,1
0x7555be2483ADE0403A02988D7Ab266C88fDaaa5b,1
0x75441C04D34e79199669aF38fEd65C03a9Cd91d5,1
0x75380E6D05E44502546F5F3a841276Aad49B061f,1
0x74ebDB5C77F31412aBA66A1eDA62e00f19625552,1
0x748A6A09380E9086c357e9634B205411b88881C4,1
0x7462e86808fa4d83a5c8F60bdbDE745200AD7B97,1
0x7444b9cA731C287750348c6010CC04bA8C90112d,1
0x743eaA73Bc2641DD10E7B0c994A9Ac41DbA07aa5,1
0x7422994BC525276fAbbcc8a5Ca8386883116E246,1
0x741b150A2d750C304401a569BAd735e0cFc363D7,1
0x74160b4EFF220f9fF78bd35248d7607d3A9587d6,1
0x73F6171D2C8a27c83401A53CBf8Bd3B8167F939B,1
0x73e7172a6D1CBF05Abb6D3Dd325C8544469D5d09,1
0x7395987B2853E625bd12b43AeE453106089daD6C,1
0x738C5DBcA9F2D022174c7AbF99DA5BEc001FC54d,1
0x73849dd5790F29bdAC8502760602e4360bB6bC1e,1
0x733F6AEbf69D1B80B5B88859240cA155D50517d4,1
0x72Edd09Bb3108701eF55A61F6F009efB85A9C2f4,1
0x72cB275701816B51347995b27Df6a5139FDFaF89,1
0x72B2E2Ea2F0A5B32337D7a226f6137eC8119A291,1
0x727A4841B9c08Ec2F4b2F6D6bc8108b8A77e86EF,1
0x72715f441a65F377fBc5398b52c482435084Ec62,1
0x7241C18533ACF5F786c5A0b5f9c2C370620c5c6f,1
0x7213c705C84e5d9e30d6cFb081faE1Fc3DdA3Af4,1
0x7212079Af75fE454706db366914BFC076bC11f87,1
0x71e695D5e20f2164E58bBd8A385A13f78a936432,1
0x71DB4AcB731236BA67482bEE3268a80b9CFf2943,1
0x71a3Fd612CDbEAf177B52B2eb792173E3d25616b,1
0x711346398399BdbcC4C512363C229c4f97feFa92,1
0x71036612a0Af635F28c35Ea959E97532DbF2d2f5,1
0x70F57aAa51Cc33B7649f3f7c3E15b62137e277C1,1
0x70F15c3dA5F0496Ff9c2256490126966653445FA,1
0x709E555E8e7835CC1Be3aD9B0Deff8010706B272,1
0x708621feA6a3e127f775886f4fcC5A7EDC6cc736,1
0x7067C50819a3b952239C64159523e7Bb4B19acB7,1
0x703cF6401d04A06378C6F59dbd9117203Ba9892D,1
0x6fd76a04b40073B18D46cEB8a23da1359931AfD0,1
0x6FcF7bcd09F92d3cbEea6afcA5e016A6798C7766,1
0x6FaBDC3bA12433Cd5EEc8A8EaA998649F2F03aBf,1
0x6Fa3aA5f8d41A55B63D6E0e7C089e899eF108C21,1
0x6f7e861b4Dfc55357360Ad2adA01BB8fC4Eec80f,1
0x6f7C6691f9387C4e7e05291945ab352CED0Dbdd2,1
0x6f5dA4dC385672d59521CB0cfDAC415e11A73518,1
0x6f3C3235d26234c549fC9E74C06f776c18817198,1
0x6F17A2319E0E9e491614f6c74B8B42e89a2b67aF,1
0x6F0d73D130B8ED47F6cF439e8A0243339261cDb3,1
0x6efEb9e198B03852e556a6eCb1783C6Ce2cB9483,1
0x6eA1694604958A86dBf3d415671c7D8ffFFBf6B8,1
0x6E9D815b00cb9e7789eF1c027cA45259A9B50aa2,1
0x6e0BC4973da5eBC009bCc17A45FF103dF9F73839,1
0x6DCaB61FC86174c5F4969aaf112aa065827E607F,1
0x6D81FBdba7Cc3AFB7926F80C734965746b297668,1
0x6d2C80315bB93807676E6121060E4505FeD53ECd,1
0x6d252BCc606a1fC014B0eD8E906A16bf7962d19F,1
0x6cf0585bC2482CefC2Ef142E7A3D2AF6916370b4,1
0x6ccBddb68C378888a02Dc96FbCa8a18C6fe1954E,1
0x6CA5584a814471680d823a787EEEb58c1e03E1e0,1
0x6C9888747D15aFEb3794c7c6d4cEB0B049E497B9,1
0x6c7124a82f5468C6B30b47e9c34A9ff0F41eF0B4,1
0x6C14977d3f72d943a1aaAD795753fFFA923F8499,1
0x6C139235cBe03A66373B94d849163152e7045bcC,1
0x6C12f884501BD892782F921d2aa0400bAe3C92ab,1
0x6Bf6c46ba7f8536Ac1B31757E4b3d82CEf1584cB,1
0x6B98d8Fc150E7fb90798293FB03bB83f02Cf49BB,1
0x6B559FAB77656b60a2E5D60C88cB6e66B45aC8dF,1
0x6B4A9A6797df6cB0a8f4C740584b506A1d59AED5,1
0x6AEDda33ea76c4F9E3aab46601A4eBA508a3F07B,1
0x6AD2ed770330370c9FFF721e9bD3FAe871Bf543c,1
0x6Ad28cFB274d8061d0BF28E59fe9b5c4c7A17627,1
0x6A3Acb5dD12a4912f1543CbeF374a4156D80eb52,1
0x69BF5c057d07b4A175D96a03eD3Eb2f812785800,1
0x69be19Ae65d8eC88667977EF634CA0a5E408a334,1
0x694b9C8f67578dfB91eb36e6C46B92a68ACfc731,1
0x6936cC35B1d39cb4E41Afb9284b8502e68B25942,1
0x691e9Ea14E0D4FA0B227715Ba0a4a681ee64B9AB,1
0x69196C64C4573E46A4010024f84270DBFC976cE6,1
0x689dFa80839F029a6e8ba6eeCAc87156861e0ae8,1
0x685c99E8780e5a7f158617cC2E9acc0e45a66120,1
0x684930968D0206Dbc180866eAb874eB9909EC2bA,1
0x682CC91DDEDdaa9f81cA905cf7814DEB96b1DBcF,1
0x6828AEB960f11830c4A1C016FEb24Bc523cfceC1,1
0x680c863be2807f864FC23d1aa61985ab4c576a62,1
0x67EaFdF150a6413fBB3af473B9B56b62aF444EDa,1
0x67Da918BeC73Bfe665a56FA22C3d095f290006a1,1
0x67D423dC4408b76b7E4b5CA162217b256bD7C12f,1
0x6793f0cD720Be7bA0163A96D3DE6FfF3e8598bAd,1
0x676C4f2c77F2ed2Cf046F92747AF654A1b40AabE,1
0x6762E837E583D3b80Fd59080d151b59eF3dFFe09,1
0x6705b7fE0F3D1c16560664b9642bBaD8CBFBE21B,1
0x66eCb21b78fC725e10aE255481B52dc15191d0df,1
0x66CE476Bb662E7E5a07bC83427B9423Ee085c33D,1
0x66Af85Ff38830187B65956b8D1A68646c1A299AE,1
0x668540812466219A4cf9EF22151bB7E513010f17,1
0x6682cEDE4F8bd59AdBb103392F2780E71013aEca,1
0x6675F935cf1a06e6Ed123759B82643359011BA24,1
0x65EE472fa8a76555A1CB72510E3d1dA5F1662214,1
0x65b9a79D16d41Ec8e9CaB40DC18BF0dC8fE09d7e,1
0x6599f44ED7a260A19cc311f0DD43Ed45e2C92676,1
0x65935382454e08b7caD62D5d845Fec51eea71933,1
0x658A5B488368cab97aa61F6cfEcE0F779a4bFbbC,1
0x6534E5D2C59128254bd05923F87524D53f113e21,1
0x65151A6343b16c38286f31fcC93e20246629cF8c,1
0x650f6E0E9Dd0f8070d58176C7aE34A84F433fF32,1
0x64c4071C7c31198D418Eb529b68276D52006A021,1
0x649890078Da0f9219D73C35d648699252451c627,1
0x648126F8D457DA7C378b897f2042230Bf61ACAD2,1
0x644bF2c24623E5C14EC611183a8124E348667d8c,1
0x63Fd6394f16680D6D58a090b028Ce2C0d113a08d,1
0x63FA2f11621ddCcFa4B7C6dcA1fB5210e6C49cE7,1
0x63AE5a6F23c1159546e301c77cf121721D44ef2f,1
0x63Acc50099A5feAfdb565Ca630144a3DA9eeDB55,1
0x63A25e9dDF45d61353A71Ca05a953ebD869832CB,1
0x639E4Bb8D28d477BEBA288DA38696948Df14d68e,1
0x63845Cd4d1a20c83DEe09BB6e0b66d421C84020C,1
0x636cCdD38DfBFDf18eFA63C72ecCC5dA300c46E4,1
0x635a0C839C184f2C2420630F0828DB1f0A72CBc6,1
0x633B503e413a65Ec22656B1b78D7a7e7B07AC448,1
0x63026d769f7D45FCbff3862e4A7C47c4dEfb4e29,1
0x62e949C4150b79d63263430B6C5298550e63A17E,1
0x62D19a80A3EFf5ef2A2FD94ec1858D77BC1aDfE2,1
0x62c59664256dF5946FB5CdcF2aefa038a101993f,1
0x62AaBDaf91Fa5270c093a2D4EA10741B5Cce91b6,1
0x6281376262A2aE89Bf89b5f8b4F473Be95c4e628,1
0x627afb1341CB1ae3cb3546424709DBA42d88bDE9,1
0x6273957EB6707F6E935D8B190bD239CcAe0Eb7Cb,1
0x6207aAb1d68a6003641ef74F2c59cB934d59575A,1
0x61f8c99f4acDE25dAc0C591f5E6B4b635AB2f7c5,1
0x61F3452194de23C765560415894f0249560eCbdD,1
0x61D01efAda61f0ad7De3BE88dC8003dBFD070351,1
0x61AdB0f5E386b6f1732883aB8322e078BED92AFc,1
0x616b8B3acbe28b0E1402DA6AeA1B5a904b1f8d30,1
0x6160B60DDE3B1273Bccc34683be5461ACc1B78D4,1
0x612D809DA2773F5F2f3656283350653F06F881c4,1
0x60E315D6Bd9e82370A609cA9D3F5A09E4Ffb82E0,1
0x60c0C2C9aA001689fA064407c4E40a959Bb6E7B2,1
0x6039c8D7dd98Ac2C48D9EE3fC026e016d18a665B,1
0x602e89726DDB9087e035a1368AF6dAaC4A787418,1
0x6001D26436986706Ff19c35478F97e0c43846470,1
0x5FD776a1Da57aa0A3F22C9B8b2fB7f79B56fA26A,1
0x5F76AcE93E396837ec80D9400B6aC03e2baE9f0A,1
0x5f5c898c66Be11eeC480f7165Bc9B3745f618f5E,1
0x5f5094DD7A0ec22A7608C43aD25Dfb07eE2caf9f,1
0x5f241D03e5870D3c4B680176d3833B497dA59559,1
0x5F1609eA53e865F5896ed4E4219BB8e907204598,1
0x5f0895EDc43CE1E76f52C9F5f8bAF8F2c01CB1a1,1
0x5EF76f0D756dBd3D51d98aEF2Fc9184D94143f48,1
0x5eC8Cd4881eba87279f5F243Eb89EA9383E677c6,1
0x5EBd148f092839b3Ef38ACFc48EEF7Df580CEBDD,1
0x5e77C064796446b6001F1590f2252D1E7A9EEB80,1
0x5E3AAB60Ca7164101C0e0836A68539f09e3976B1,1
0x5DC68E37f9bcf63F85e490Ed92Efc166C44Af87A,1
0x5DC0145cF938703a58ac3cEd9ff5977384981099,1
0x5dBC6208Cc2eCB91943355486987AB89B6E7DC2A,1
0x5D982C0722E152E8D5AD16d9186d86d9e97A5482,1
0x5D69C42A3a481d0CCFd88CFA8a2a08e2BF456134,1
0x5D6311506173F9218544648a55c8A2EA4e02012b,1
0x5D22a8A3f7918E6d838A0a58aD4E73e0200Bd656,1
0x5D2028Cb94970F2f455a05299dB8910daAFE064f,1
0x5d1b24904baD4C9b8bDB12A375bCc54892C6810E,1
0x5cF56f19767D8e62Bb22b7cCdf7B2F8418D227b3,1
0x5cB33476CF637f284744b0AD00eadC6388a7eCC5,1
0x5cA39925aF348525885Cff41dF47aDD5d0378361,1
0x5CA109bf3a55A82F557898ebf3bD6EcD067381D8,1
0x5C5c76C31123bB8ae731116DBE61C5b1836f63B1,1
0x5c4C7f7CF710302be5ACC1ffDa304BDE312205B6,1
0x5C112C51feDa2856B7abc1BccbDB77e0161Ff89A,1
0x5Bc3911BEAc22F1903fa8eA1D9126eB014E73cc8,1
0x5bBD9F7B7A66E1f7B5B6bd93A794FF2F44a6B21C,1
0x5B9e8bDD8B6EA310Fd16230EBc6c093E6A0FB562,1
0x5b8aeA69b63fA1d043ad9E2bcaEdA6304D61A9B5,1
0x5aE98bFe49041D04ba5aa85275620F9250c8E4ED,1
0x5aAF5a9EF5f15e4e68379a2e9c46E78f7C6B25F6,1
0x5aAAB77e9b3B13C509e7813533FDd5Acdfd1ec9a,1
0x5a58C3EE14EA39578219c93C663fDC4cbcD46097,1
0x5A52865C54e1Bc9702762511B0520441876FB0E4,1
0x5a38f942B5A593652ec1EB844CAe8865cdf99412,1
0x5A27d268e830655E908a0a2C3B24F572695AF5e8,1
0x59dA03e05a9baa78C2978b3B1374D849E2be3cAB,1
0x59D6779Eca6c91eD7679E261b54299b5155EAdF0,1
0x59CE1a31B116dff3F409c0fbdEd417BDDcE87F3C,1
0x5969c80B79364665321588244AC0e947A83670D0,1
0x59659e3270e7e143f8f1Bba1af3D237d8c9f9354,1
0x594C9Ad8D38Fd59daeAe8520Ab1E31B2A866C4f2,1
0x593FAF4FDEbb42649370C09d4cd30b8a5d917198,1
0x592fD5d5709baddba2986BFcD62995F45E0Ed957,1
0x591B8C2354746F9F0ee94DbdBaA029eF22f9F0eA,1
0x58EF6e9F01993866588D0b2B563ae28C67db8d4E,1
0x58bD7893e731f539932a52e96F5B3F805457d315,1
0x58aAAe3A1BC9a58225076f2A481a8d2D12607923,1
0x587DCAA91239fE14e818992497924a9DE50dDb3f,1
0x5872286f932E5b015Ef74B2f9c8723022D1B5e1B,1
0x5805EC51c516e3aa9907D2dbfFeA7F267B1baA23,1
0x57DE4a713EbD751de3a4f9332140C60534B8F6e9,1
0x57D3017DB560Ea906E67cEeF0250348793C05053,1
0x57bc02B360d1840E230079c074Fbf1BA15ddF5E1,1
0x57B7F15C80461E83Ee56daE6a813A57f41E9b61d,1
0x57b5A6c8558f26292bf928E81aDecCD4110d6Bbe,1
0x57B2Ec90C520FFe23656B2B347a085ce8Ae3aB08,1
0x5769ba1bC95D89c340E522e371820D6923e946ce,1
0x57513013C42C076eD6b9e6Bd5db6Ee355648d70E,1
0x574382A5dA806DdF413D6FcF1730553FCeFFe33D,1
0x568DdEaC4ca7AC5b8b8d67cAeFbF5bd5b033DccA,1
0x567EeD08D814f3C2fb27BDFDC8661e6581094fd5,1
0x56541d71bD91d41a02647394731257a1284Ed65B,1
0x564A35fFCbd9B53a7B777327e6f79abd4364C888,1
0x562c36D3842e9bdd3661430ca3153Bc1Ce63c0E4,1
0x55FD4E5278e60bC06d5cA1090A048e0A7EF2382C,1
0x55E8b5ed72a1091e7e06c9F03b5EcD5A78Cf445C,1
0x55D554BfdE1E61c72fa3C9059cDf3f739d92679a,1
0x559E57b62fc3eCf62cefcA695D668CF649660633,1
0x558F2db0229415dCC9c4761d9D9fea0DD819E004,1
0x55078d42c77873910228B3D2F83cED132606dEf8,1
0x54E5C66601b8e9386f0D74b4BD2932A3CFcDC833,1
0x54E3c18C2367Ce4FA1478645679696496426370b,1
0x54E1030AD27E1e8dB5A81Fb6633566dF3302e3a7,1
0x54bE4cE1d72A5F819d1feF1af47834937D88b176,1
0x5471A94a7caF2bf5dE080b397d46e4F795cEbb6D,1
0x545b6B3d245D6B86478E91a53a88bbfEF03c164a,1
0x54566C4bd079E52470979432EBC9375d744Ee846,1
0x5451F20A846166880059e522EA4190327D2155ce,1
0x541F770Aa951e67e3292F0b0ebdc5777DaC951c8,1
0x53C450d75dCc363224b436Cfba8111C563617Ee6,1
0x53bB4a4eaFED31B562d766a61c8BC4681CAF2EE1,1
0x535f3918d942a70E9067a2dbE7E40D8FB67A27eD,1
0x534D4E798B2644266E4C431545925aEB2cE764bb,1
0x533e408C6f6267Ff008C7e22DA2Ec476e67cdad5,1
0x52a6Ee7a0DF6C541cc7BFd66AAfA45748A962DA3,1
0x52474705f79882291030A8571EcfEccc01432a29,1
0x5216360f3dB9767688ceBc7d56fF1838C9798bB4,1
0x51e8959C4EA53D1Cad13B4fcdB5F03A2fC60FF22,1
0x516ab23e16CCcE7953Fedb07d4d780a42a562Ba3,1
0x516014892fD851A725B073c2373acd2C7496423D,1
0x515aD8A102c94416a0584B07be02D10039435765,1
0x51442BA52a0FF09371853625e01c6d77350820e6,1
0x511c8E2126a86DEed037cFb031751B2C099d67B3,1
0x50Dd6fCc6FB827aAF92358710d94230168e8c1eF,1
0x50BdeE072Ddd502870Ca45565C3A6478F799E2fD,1
0x5087DffB1952a4fBE9389C42EEF9822de6Db22bD,1
0x5056211b164444a8121A38dAFDd91886f84012e6,1
0x503966bc89C40e3E4e726B5F4c671f87f3A52A0c,1
0x502e4F888363dFeE7244Bc6Cf670D74C809EC244,1
0x5027b328022b83F5927bc6975202ce6d2E1b1326,1
0x4fc88b308723E5ff08003d696aEd714768B359fa,1
0x4Fb8c61833C5117774093437F8106aa412c6aa88,1
0x4FAAC6e764Fc268974142e818066912ad7475B2a,1
0x4F69627d0c5f58EEB45367c47A22b7c41eaEcC5f,1
0x4F21168B2760A30feED13e5f4D94E506b4D90e53,1
0x4f15B0c133C4068F034F5D1533e9A6758b45c206,1
0x4F13F8cAD112119d0AD20C3664E31bb582081688,1
0x4eC7bD7eD2C0f59849Be07C4207f5BB2a05C3Fa8,1
0x4DFDeF9F10a2E7cEF28E9a3C09272dA3c017a955,1
0x4Dc372F4B01f1A6851374A4ff065b62fF3C9ebe3,1
0x4D9b4E6E0965Fa464e2baCef4cCCd81F628746e9,1
0x4D8374632A9303FAE450aBbfd140d2d6a9AAa033,1
0x4D7060BF9c0D3aE00a1F478E5656B751418D1fD1,1
0x4d3877aBc39d131a39Ce21Dd0675aD3c1E3f3f32,1
0x4d16B0e86d581B049dD4C5Dcc1682973aa22f41D,1
0x4D0E0d721A6FA6344b9D4C82f5aABE09F99C576C,1
0x4cB75146e98562C9d79b31649C6C739e4DCB7CD5,1
0x4C7fDE5ceA13417cD32B639d1327730d4D449432,1
0x4c7a3aD8B1315fC91990bC64F39156C793af3feE,1
0x4c75b5B9c2bF46dBE9Db9E477F40514FED66F382,1
0x4C735538FfF14605A9ECCc1c31136542a3D3e73a,1
0x4c7324A5af569E8c7D492317e1c355bC91152446,1
0x4c721c79339FFaD7593D06432A1f922A8E0Db5b4,1
0x4c55C41Bd839B3552fb2AbecaCFdF4a5D2879Cb9,1
0x4BFB50e1BD4E9E86209108b3F78662aA07d498bE,1
0x4BF10853Bbf2214c099CbD272e7019d58490e634,1
0x4bE247D20B3cB51401896159AF4E28d40EfEE444,1
0x4BAC86e16F4e4cB344916e1bf13096BaCFB08Cd1,1
0x4b89d407e366d948709df4c5CfCf86F78933c693,1
0x4B49f6BB5Ed420b19b29D2673F6a8B385E3a0753,1
0x4b43246728B64a75A4c85A290cd32fE1F2aAef3c,1
0x4B1a3BB26c34dD5c4192a0d6A0E116ec968A8C6C,1
0x4B1322BE4B15CD144A0786E5F4Fa23db94030159,1
0x4b040a88cB4Edd02b97F0AB8C97d3da540FC2Cf0,1
0x4AcF17F1e88209646fDC40De16E82Da900070d1c,1
0x4ABb08d8a702D5Df336E6d0d0C440b583630b283,1
0x4a57583c38E84A27C4a397D49Dc7CdC8cfFFec92,1
0x4A1F8D6B928269561ecee07023cB322cB72eD8C3,1
0x49f5Ca29D3C19CCf2F18DB521DC409Cc078b3eea,1
0x49b24DF2754936A4a320d6066D924cD8DdEb1EdD,1
0x491d131857C895db943F48F8601eb6dDAD30C6F5,1
0x48f7D45FA696Dc89fF4f2233B25490455AE19DC2,1
0x48DFb4cadDF9FDCE0A2D209fc5AbDA86113770d3,1
0x48a4eFE011C8e874E3CbEAC23bb6325Dee29F727,1
0x488911D26A66bc9a9Aff9a002b10B4663F9eEC8c,1
0x4888afDba4A4f4c74dae7f4860146E4cc41A1615,1
0x482c6dBd2Cb24c100F3B5e274432a95EeFB9BDbB,1
0x481622ac0c0f505d443F4CAAC1Ff09C7DFdD9E84,1
0x47ea9e812f39bc26F95Cbf1fc36230558492133d,1
0x47D228fb786BB14117625147f1055638F46b6893,1
0x47B31167740A3Df07B6d51B90F8CC0a9EFCB5642,1
0x47a2a5A8950dd410410f0AF03Af0964cae6Ffec4,1
0x476e6C07b2971Eba55f13547B50Ea734b132C251,1
0x4760b0285C5933ec0963b7db15AB7bdF10AC4803,1
0x472030D33A79D1Da7F7AAb7764aaa20085A4fb2d,1
0x470b9e148eD7973acd4CbC99931AB1d8aD801745,1
0x46DD290A71146f23c4891e644B85B1bD78370f4B,1
0x46D7ACAD8CD02d1E6497cF0D6283Bda45cc31892,1
0x4635a90CeAb31135058880f73E8a6e77457477Ea,1
0x462A7fAd8d7483405154c8afBC0c76430991EE9b,1
0x461FD24d3Dd0F526Ffa48670e9496A067817792a,1
0x4609f69854dD0931436509a89C15E6BCe0588Da5,1
0x460635D1EDaf3d25B419e3c4AaCe5c296e4eC02f,1
0x45f0A18A126F8f485E299c9cCe26F1B53aB41459,1
0x457A223A59de9F7311c5d9af84bF81eF55C87735,1
0x4578aa2A87d7ba8f19b1e51c116e83d8caB286F4,1
0x454335451d8d7e1A811208d95a02e9d102ac36c2,1
0x451294558b1b91C3f99173F210b38Ce825170Ba3,1
0x4511c26588a0F02b0f78F3A706cb3Bd50763171f,1
0x450dE4B3d03BbF433fB16d9f90af8d2F49CB1a0d,1
0x449d1C6DEb5a43C5138722e99c4084E5AB864746,1
0x446C88D9dCD8039C43F325B7263d2314A6bD42B4,1
0x4441180D5Cc32c6fA38Aa2F346297d44bEa97310,1
0x44376B6EfA09f420846D36eFcF6470d527E91256,1
0x442CD7da5c1151EFBfef296573E7A7085F9c5DF0,1
0x441EC141cb9462453E73982B4B2BcE88D03c724A,1
0x441cb23E461FCF3AA9dDdFd48c9D563d8410fD92,1
0x44157B6773D5aDD4ee5816b608E6976a6fA78a00,1
0x44043f51c6B1D560E8947c733D856E7c86eB18fF,1
0x43E20491feb0e21aB4f1b37B2b0BaaD0069D7864,1
0x43d1a89c433bb0cA8Ae0e0F2de9C246Ac11bfd61,1
0x43b8D78925c96061C5905f3f2f713E9823dC34E6,1
0x43A5DE74E350Ff0B746639B5d4e6C150716401e7,1
0x43831CCd4D1adE29e185b249c356Cf5367350cE2,1
0x437574946e139D9ae2F848407A889236e3ddCa61,1
0x4351b28c70FD7Ca621e0FA9A977ec58Ee89d2e81,1
0x433cec62e43CfFe989B075b49868eCA5E9bEA9d6,1
0x432c48f061377B8CAe88df1208d25D3674446a9A,1
0x432C2aE9eE0992F8E0D7BCcDCae13aB0Bc514293,1
0x43254a3dDcfB6b18C79530326131ADed07442635,1
0x42E9ADA505f9844dD10978967D58350eb733B0B2,1
0x42b9dF65B219B3dD36FF330A4dD8f327A6Ada990,1
0x42A55274cBef3071D0d73546628AF224285dB6f2,1
0x42741c76060B37aA816B6119397eCbCF80ceBa9f,1
0x426cf0A8423A9522A78cd3325984AE000D425EeB,1
0x4269c2b6424FC83E1669Ae50F5FDd5b7FEbc9404,1
0x4268b478E47c343Cdc8542344b1C30bc60Cdebd6,1
0x4265A0C33A57B8D51c7ea818dfBb574bd458c543,1
0x425D0718eDeeFC613da64E8D776Ed316A40F3ce4,1
0x42410c871344742Cc3a201943089C0D7fd5e1a86,1
0x424007C57b284B7c29A5Ef5372beBf2ecDa117Eb,1
0x41ec28eceb137789032B2B505A57c1dA829934CD,1
0x416f10B4c8917DdeE646Db4E4D566B64D5cFA8c4,1
0x4168D958C147b626c16C2e6B3124B4412cA7CE05,1
0x4166687A150DbA40f5b3E489D3728e16A111b7E0,1
0x414c6b74054be5C628f678c24fC43B069a9887a5,1
0x4121A4C0B7ED0597a90a74293Ae444D5EC0e1719,1
0x40B1ea6522c372E1e743512bAF872c5905BCdb28,1
0x408C84C59Fd8f6d5E93e0041F69e7A2C89636E6e,1
0x406e6AcFd3B4e419e011bFeEB50DaF039fc61213,1
0x40677e9D3CBAfD1522a1baEdECebA68Aca35dB4D,1
0x40495ccdc6e6B0610B55Bb2e2bFC08A4951F0cB0,1
0x40393cc2426711E2a6C2d38E1b2EdE955517fd83,1
0x3fFa85698C4dD96126b033A411d7f5601CE6D18E,1
0x3Fe22333aAf581F64A8b71504Fbe7F9B4f39F64e,1
0x3Fc584E8472851B74E241A7A4EA5A22Cda297dB6,1
0x3FB9045b93A7277E16550fe7cbA09cb0EEe4b17c,1
0x3f99c674e0D76c77D4a90a520c9055ca81C39D1d,1
0x3F8d22a078e22451e4377AE19F4857539c741F96,1
0x3F6e473d9457452952026C6a77eA79A469D8bdd3,1
0x3f55CBd5a283900C1029edFE36461DFa0D845599,1
0x3F53Adeea32bf7a4e8cb196E97401A6FFF1eB937,1
0x3F2363c86acAa8b43DfbdFBC178Fb136962f2f5A,1
0x3EE44ac90E52a0C6fBD19DBFd9656E2aF280Bb2E,1
0x3Ed5Da839a2Ec1F6E7FB0226EFCd417A5b025Cda,1
0x3Ea2c9BAD429589C94cc4eE3786fB04F0391c3f2,1
0x3e9f88bdbd46c06071f2C9F1af893DdB6a63F02f,1
0x3E7BF60D58D0Bb60E8342944662913A2B9aC2630,1
0x3E68FCA5b47bF0510DEBB0fa95d51c54B032A1C8,1
0x3E4EbcF6BCe774f89aBa83fC03593d083Cb2daa4,1
0x3e44D0A22D495000C71F524f4419E827F7d3AbF3,1
0x3E3691af7ada80D4461d2E2297BCc63c25487435,1
0x3E17e32E3680fe5a163BEBC71F218C7d3208ea46,1
0x3dF611A524e1e92ccbC9E6837aab39152f1E56E9,1
0x3Df458a4B6cE57aAAc322015e5fAcEB708BfaE5b,1
0x3CD6902f75bF641CEEd4Fa82255F34A2f99Dd21A,1
0x3C8C1eE508C6e14F1A56A46775788B8C77Cf15A6,1
0x3C3595B9923a1d1405FB76D17277f64244ec570d,1
0x3c32b911Cdfd3e40b03655E0f108461CACC77534,1
0x3C173E3d1E6eAf8f697DAEA05a39Ff0c067743a4,1
0x3c0f14d16FD5Ed0c893e16C3aC813CA2b0b43a22,1
0x3c0Ed9aB1a12BA804900da2807C09B8afEC10f67,1
0x3c0E0842368CcB8340C14bD89Db673FfdeF77Caa,1
0x3bbF020BF3b4dcf5BcF4704C71A1D9D3017142Ac,1
0x3BB5CB16b50723D8254e285Ab9EBE11b799A360e,1
0x3b7f83a8859E7416a827bF49D5d3e89ff4EaE0cb,1
0x3B7e93200D37D838eA466E8ceD97752a6DFF994E,1
0x3b78637E124f302cA73257Ea6bABC705ac0208dc,1
0x3b604D1273078949F611A354C00600FC900b2075,1
0x3b5A21Dc86A0A03d8a355f7d81a73b67a675a8F1,1
0x3b47ea42223C0F7e3fbFC56a3a0979a3c90B48a2,1
0x3b3d96D7Ba6d981ed0861E54d6298947B495F68f,1
0x3b2e2a702C409dfCe23838C1E515854be47eA763,1
0x3b2C439A9997D0f06443f4BA44A3E4959C8854a8,1
0x3b0E6184024fA350965e77EB658C23E20F7e3149,1
0x3aF19E2cd5aC30Eb6E660D8e514233fADc702963,1
0x3ae863E332a070A9D373105dAB58f80B0d4deaB0,1
0x3aceB77bf88c3A92079BAa8dB3Ddb172e3636Bb7,1
0x3Aa0271a0403D00E1c23b55E4da9e1Ea8946670b,1
0x3A987fb830f36e8dFc1111e72ce4d6983E2966C0,1
0x3a5D48144B5Da6574924D6488670A314FE3C7cF5,1
0x3A3412eE1CA341bD42783e0B88eAc497cBacA84D,1
0x39D7Ae8108E6A6F9fB778581F9778fC9E5Ff04d2,1
0x39bA472545022e46AD0f9C9F555A1E58cEc94de3,1
0x39afE2176De832BE2A5164e5fC91E27D1355c88d,1
0x3975530781DB64a9F77FEfAF5f459F6d59E986f6,1
0x395f78FA07383c32FE183bb0ffa8a7E49CfFc282,1
0x395B311F9c714D2989ff3f7C0a0a19740E690030,1
0x395003239f62ddF9E56D2791b1a4c989d8E65b0E,1
0x393472253EeE6adc02E6aDa6db8D47c43D871750,1
0x391Ab47760141CE520792bD58a4c7315689443Dd,1
0x38f02c18ee1B85D8CA7FE538137c0a4A587807c9,1
0x38B05766FB7810e96891A90E594dEe3dF140c5Fe,1
0x38afAEdb78E2A0018860b06FE231292184CA14c3,1
0x38aF57582117bBaAfd06EA1C50108e6B154796f3,1
0x385DB27193c7B14Cf7ceB8a949BB41c9Fa6755a1,1
0x3842dC8B016900BfA274150F6a3D7577A51266E6,1
0x3841a52bC4a1666b3Da70aF15B33ad4018Bdda92,1
0x379212C0506d1A182297928530dd38a92AbFe397,1
0x3774539539A91bA9dBcFbA5802fCBdbb8A40f45F,1
0x373f526f80063A62d4c7a0B2F486F8613F4Bc140,1
0x3732558AcE6E48170Fb0fe023e617ee1b00982D8,1
0x371C873c902aA79cf898B14bf58095f8e8989FC6,1
0x36DcDBb4813D4868cfa7771ee84F5221c648A716,1
0x36Bce4843ce2A555cd97eEfE75BE193FD0912802,1
0x36B624180e8b8b10A120D9f543b134d7B312E371,1
0x36B5724185dF73766D98c0f5E14C94Be21e04235,1
0x368aBAF15a9B546146521344Db167902929e6674,1
0x3676D68cd9D6C0032C4E2e24b46Aeca9D4fd88E5,1
0x3630Ab305635199133315097b31099A44ee13497,1
0x361b8DB6C1a587Fb71b8877701Bb0615a06cf914,1
0x360cEBaC3453204D44032d4E4d2c9896DE48a85c,1
0x360CbBd9C3f3545B4A0825E1Bbda64EF370B279F,1
0x35cb2293DfAe1015Baf5611ab074EF39543ACf18,1
0x35aceD1bC4ECb98167396bEC45aba6644C2AbCf6,1
0x35A447797A91b4D0c4910E5Dd6ccBF139e5E8856,1
0x358E17D64d778CD06D7206bF0A9318dc13acc7bB,1
0x3584F6DCC6A6053b45B89e5D9c9b885a5Df5978A,1
0x35226E78809a5DaE4562B0B1fC4cf96cdb6A01A8,1
0x350B129f39226EB42C739CB90ec79bA087b0049B,1
0x34fF5fB61b08F59Bf76BD0d8Bf6051E9AE6305fC,1
0x34F9A8ecc1C40E0066f6D9820d86ACeB95aED410,1
0x34bf554DA4BA45deec52f32c0074574dfE00780a,1
0x3492Cc54f9705c515655D8E3C4C39B71E98A32f9,1
0x3470992973DB795039d86B3E6682784b325b3121,1
0x344B914BaC7daf7077A28Ee78E8E7602eEdf1E88,1
0x3449955b99fB54CE7e0804a736ce1f8eDF50Ee08,1
0x34095603D9F572a8B2adFCbB117DbDD55E6A7c32,1
0x34049D65D74A43369A30e73199553fFDBF71e702,1
0x33Fb593B4c057cD697813dBA596C621b34eEB013,1
0x33b38d3be35E3C7Ee05b53028A224aEb657f3196,1
0x339Bf030Db0195FBa2E3a56647C07658c9598f42,1
0x3383A701174C1e1E1176EB23F761f764dfC7A52B,1
0x336C2b49EbE05D5Fdc7e233423C3F23e6D62D238,1
0x336670C3344e271dF962bbae39057a7E53FBdF91,1
0x3335daf5d69633e196D6b0bBe08FBecD567f543D,1
0x32Ea0fb729Ae5F581e9215A9372FD937fEa0517b,1
0x32C5038F2B098004251D1F3297ee3C7977524F38,1
0x32b3a4303A32c889d24d0AFC2aADa99c5Bb19fFb,1
0x3273C7a1993774432Df8666d43d48D3E8FCA435A,1
0x32573ec9734A1054cd0E35F0e28314e688089138,1
0x32527CA6ec2B85AbaCA0fb2dd3878e5b7Bb5b370,1
0x323adE1151Af92D1306c129618033827122C0A82,1
0x321700A6493F8865d7F5a541C7007C1Ff07D9370,1
0x31F3f63E1a09D68b2a021371A103bd616D668611,1
0x31b387cd55f9Bb09dB50f903E3b928c17Df7fDfd,1
0x318375f87609600436a1121BB43e9748b89c756e,1
0x317793F94725d590b2DCd28Be0Bf1A185ae6112B,1
0x31738Dac34244088cE78284DB1074e03DB6F1743,1
0x31545723006c0e2865e14BC31f53c6B33eB5Abe2,1
0x3142575EB8239Fe47f6F007Da7eEE06647167061,1
0x3122ac3caABdAc30C69b66E0Cee2D599F1D358f7,1
0x310ce162dF5B036651b15FE31595bf4b6A2A2476,1
0x3100EaeBD387ccd01161D40CFf0c70190DeAA735,1
0x30e25eaA01f60ACF52470ccfc57cAD3e245b43c9,1
0x30c842b5091BCA284e6Ce48f3a07d6957F17B225,1
0x30A26c2837e9Ad41Ea5955949F00402DbF86f124,1
0x3078C73483227949eE078e0871Ac492F6E69a92B,1
0x3010d580f87c864C13f81c734F110D37d8E3360C,1
0x3007e7e111cB4FC7Ff15970788F8FC96Dff0EB7b,1
0x2fF61817Df011F87D0d83A834b6e0b52509fB20A,1
0x2Fe8d101E2958E070B74F3fb87196ada725ffbC8,1
0x2fe0eA7DF6888c7D5EE1CE5f93DD37AFe4e77e76,1
0x2Fd3bfB091cc899013E5686d2842Ac71FB067235,1
0x2f225F8A538e7fD613e8ba79DCDdC7D1422AEd1C,1
0x2EcDEe7a6dc15b9fA7fE4A361907dcc8809B674C,1
0x2E7FE8551847302a76C9c2201B7228fE382d8a82,1
0x2e48D8D9877B6328cFF9bcA5A03431275f97B1fE,1
0x2E1bfb63Fb937b0d8B5d48983C640677c5cD7eAc,1
0x2e0c401a06d732FDB7113014a93877aa6876871d,1
0x2e02389d7aeCAfcA901503B3CEbb5cBFF261f607,1
0x2dBA976150079F2461cb5745f85F4cF1A4b61042,1
0x2d8Dd5B7fB0ca098F0A230b41E3c5CADA6F1F165,1
0x2d79559842b125Ff98ED640A031E50e2d5061e9E,1
0x2d5E67cf8e330c704D59e660A997Df8199c050b8,1
0x2d0E022c2516580ffa979F90e059109F7f7675F6,1
0x2CCFF304eF578B238eE82E1D1d53c34e80B48ad6,1
0x2c7AB7512c4B368E1ee937156bfaA57FE8A1A1f2,1
0x2bbC124B13df24D2DF0482f482B51EB05696E996,1
0x2Bad924208E881557E6Fb5511644a24299Fb4F76,1
0x2b960696145D8A350EA6487789a184EA3600c51a,1
0x2b6deA17F10BCFCFe07fC071C599fb13110966A9,1
0x2B6d80e9ECcbcaC8aD1aC1969E75B237f5C846fD,1
0x2b247AB7FFba74671C638A27bE367E996843Eabd,1
0x2b1eb5D1FB443d872e7ca3A82E295BC8080cD403,1
0x2B1Dc568d145544a85f374b73Eb2303008Fc4993,1
0x2AE27f5D0b8E48F75174F28d51188905EC1b666b,1
0x2ab1C3a2E3448B227B1bD2E4b937EcF6F8feae0a,1
0x2Ab0090cD3C8Fa0633e0Ef6297eBea3d40311dC0,1
0x2aA7449EfE69845390F52F1065C02c393eC44498,1
0x2Aa4a48A191987E20185b42715Bf8c1E3e4904b3,1
0x2a86BA5C3e2E61F2C8644FA93682D4C765B95721,1
0x2A7093F709B1833460e5f638B04cE04D5B33d2F0,1
0x2A69612e5d055d09AAC53Aa29268533A74289A48,1
0x2A34B50e66c763C440d8fbb9FB19356376AB7e76,1
0x2A2A034ff6bCBAA143D260d980D6eB9A8126f827,1
0x2a25BBbb6f6f6C4E514957E5fdB2BD1222502ADc,1
0x2a056E7B46053BfFEFFff1be0711573FAD58e65B,1
0x29F2B543aee5A37748C3Ec19BEeAacA34141ddcd,1
0x29dBa2518Ca261FE21654312e9aD837Efb29bD0b,1
0x29Cd42C08B87Ce6AbEc395c3C771f89DB1EE94fb,1
0x298C8bD6c970Eed9d7b97b51E56F77C13f8B5896,1
0x2988D030b060EC8C226Eebad66682e5b0c717424,1
0x295D37AD80c1a23e8fA7442072581ffC5ad18A93,1
0x29405Cc41C4Fa09D27139DcA61220e3d7012f99E,1
0x29333633D180EB1310360B2eb31e1bABEcF71c97,1
0x29309B9Bf078106AA02cDED82e06B7c9EFC84CF4,1
0x28E5C72BBdE77e9DbBe2BfB1d9398a6F6A0f4A9a,1
0x28b70156ac20092a961c04AcEEAd0De2e57AEd89,1
0x284e9703d58C9682f143B09f16b5533389260CF5,1
0x282997AF89533027A16b4141f174e22e730Cf1D3,1
0x27Bc5F4Db8CC494c65b667b71018719D0710CBfb,1
0x279F6980C409724D702db3eDfaCC3Fc921039680,1
0x276C7770EF906D6Dc7844356b840097b4335b975,1
0x27196FB58d2170644938fbe4D11239BC41cFa374,1
0x270637c7e8474bd91c6E7F39f70FDD09be7589cd,1
0x26B0Cb964d19eC7f55D4f822d2bc678262D25867,1
0x26ad6609fE16770d9476697AE58D1676A53dAD83,1
0x268EF519eDBf507Ed9fF31a3EaE96c82cBE1bb0b,1
0x268eB6e86bD1eb6709110F54591a0d31b6A31fEa,1
0x2671B0e325D4AA9205cAa55a89BD0e40C0DA8057,1
0x265aC888451C9fE76F07f3065eD7357D18025c42,1
0x2654DDf31E5D8DDA52fE8C1D759Be186D316d8A6,1
0x2621409CbD5D0A15843054BaBB66b0Ce7c4d5153,1
0x25E6bc33060c1fEe8e08532D0c1C32c4cBF10E2c,1
0x25dd171D50B5ea1984C427a878498dd1291678d2,1
0x25cD8a22Da5Fc726E705e661f6E70FFD59C6842F,1
0x257Ff8Ae357796bB4d762c76Df7230f13c91D1CA,1
0x255e90C139f0d87a8549b60a7B243A5AA3B9298B,1
0x2552934402f6670446D164B10807fBF501ef3d24,1
0x2550d50d0FA9477e4BCdC21626F2edFB94F3Cbf7,1
0x24f2490e571294079dcbC55f88eC14aF69a223C0,1
0x24CA9423d66595596ea05B2C8A49E94eE79F1FB0,1
0x24A976d6D462217A358FD0ae32FfA3e6e701af68,1
0x24A90059bF3e077640C0A50339107cD4ec79f459,1
0x243D7346143612053D9C3ee9cA2b0FA9DDfc4c06,1
0x242234Bc1498109a9366a0eb515cF2570112259c,1
0x24183665cE2b622A6FBaaF155d3E46D599b239b1,1
0x2405Cf271723901e0020D59c2405f239151c9221,1
0x23C5Fc38090643b410c8c06C4c0F3246059E98EE,1
0x239C3Ab9a2343790c4B3B77d436a138c96729cad,1
0x22dF8f85AD9850151582F89E37237Bf0517f87DD,1
0x22Db23A5916f852F945eB7B8B9ba49822B0616D8,1
0x22bDBd21a23E084073F15ACF3010356Cb770bC05,1
0x22Ae05D7a3E6e823B6b47fB092e9DF87C41f0Bc2,1
0x2294476a8b4D6C5b7f87C3a1e6c823f6117C45C2,1
0x2293D882c9032Ddcd7719e263bD56C1a0db56F5F,1
0x227D69418C80B25254cE5D1Db1c1805B13072116,1
0x2254d7BA356c8f71F23462dc7Da386dD14876294,1
0x21Dfe7Dead0c8ee0177413454AF070936665f39a,1
0x21Ca746283047fb20257A5a8687D78391aE633cA,1
0x21C4942e244a55eCf9A532a7D64eD0eBCd9e610D,1
0x216222ec646E764dA7995Ed3c02848568072cb58,1
0x215C7a8f8e4D47d296eA243A518Bd88A7bf9fc6b,1
0x20EC40d49EF83eca7E2e41DEC33b547522f89d41,1
0x1fFa5Ef4B180E7B64E21D891A2abA5891fD85aa8,1
0x1Fed11Ddc19A0E0948d9C97185B3feCE15Ea62A9,1
0x1FB33A8C6C7a9C2e70356f435F0F64fEbcfB1515,1
0x1FA9A0a079ac9E7Cf4Ef74C10d663116B5C360cD,1
0x1F8e8AD4A0F7a8aB0d8cB27b5AaccBb110566b9f,1
0x1F890CEaf36C70128EdB1EaFe43dAfe0C07a462A,1
0x1F777985ecafaDC3E6a683eE7D55e10503ddd4A1,1
0x1F58a7352eF7131E741d1d882B56D1aFD8081357,1
0x1F367E135c820B3ED88c16eDb30eF2D508aD1191,1
0x1F29cba44478Bd2df384e4b21B39e6fB92F350fa,1
0x1eE9e2e02864595964CA0B55c1bFbA689EEC4D88,1
0x1eE9001D434b8f5ae45a59Ab482F66925eF8218A,1
0x1E8cd608e37fbfedE9721fF1B94Bd5E5b149c911,1
0x1e1347378B687932dd24E36bd4DE92ae08ce2528,1
0x1DfBEeE45D78AE93934DF5F5e18387f8b3590386,1
0x1Df5B9a359EE2809e453D0501aAbE39C478a13c9,1
0x1DD1f90bbd0189FdA587FAf9a127708bA08ac048,1
0x1Dbe67C11c718B4F0D4C22DEF41ba35FC3f6Cf18,1
0x1DB9E5b827D4503BB59Ad7a3B74ac2F499d53Be5,1
0x1dA8487B529d17Eacf61D0fa8F03bCB6a833E74C,1
0x1D7c7f18d76d1Ec14d3394896C29E79f8FD63072,1
0x1D766BE08132039b9c94e86415Ae0B4D5778F181,1
0x1D6cB9c92C67aA04E130e22E559Bec4EC466e137,1
0x1D3E52C1217458697291A6839C8aA3669F60239E,1
0x1ceAd3374A856061be00F5c6d2A035eEDf1c3c76,1
0x1ce4E4eA21cf83d9606BD13eEE5febc3aa910cB3,1
0x1cb7AaBBec26e658AA6D84a6587ae68955279513,1
0x1Ca323E658F4688996ba3Ad73F1f9e6b13448CfC,1
0x1C7cf2EAc51647E4E008CF1c07B8D9f8db73f489,1
0x1C708953c352C8a22E9f56676915f7358F41fC39,1
0x1C6aD3A22a8f40A00a106Ad81B885519BbF43CED,1
0x1C670dc214de4819730e7305703ec8C986B8C7fc,1
0x1C48E034d5975A0E080EA3E427Ec4A80c53f29A8,1
0x1C333d8229Ff7D300b12A55e1b0514564e231955,1
0x1C1c1538F375eEF2ef73aBAA54C2AF884ca6bb9D,1
0x1c103159071bdc38A9419c716FE5666aAC84E565,1
0x1bcC47183112f47d7D999501C3b620a1CcF3F3d1,1
0x1ba7C949b058e927e069e7CA0daB2b62Cd119743,1
0x1b8Ef38fb4487ebCBD9283b414f4B763f07bE5aD,1
0x1b68b63AdF402735941e956C41B60cc727c680b4,1
0x1b13FFEd169E74e9129c9163c55D3cFAd115992A,1
0x1AEC57ad47CeDDf22E9821e073bCF48489786BE4,1
0x1aAC1E666A233239F66dfd6eCFAEF69D21dc95b3,1
0x1a8edf3D8f53e6725772AF5D4e830062F7C00F8A,1
0x1A8028927383A0665B62B4AA6eEfD5Dd66cB5A38,1
0x1a1ca7f86e3dC901e2FFE532c4484e9E57D99fbA,1
0x19e98FcB38d5291288EBF132B02D7eD496e56cA4,1
0x19e72076FC6Ac5A58698314C8c1aD53bbFDffA8c,1
0x19E6116A34eB8EeF7c3400D1213D990c399DAbB5,1
0x19be5c904E673cde6F43392e278a0BdF8414e89F,1
0x197008a1D3e26A97A19f46C121482969cEF95b7d,1
0x194E16E0ABBc334E29A36083dA9e77E07a5656BA,1
0x192dAa0e5c88D8FF33387F716239E200E9063a19,1
0x18caB6Bf8d2774049977c52657A3832A40Cc969a,1
0x188D36F87ADf151B700258de61EcC9018d89e5B2,1
0x188697f39E2eC9e6E3C5Fd5cBB36b8C01C81a53f,1
0x18127166DD88A9C75f33BB85209597d0bD785967,1
0x181235Fb8233aDFFDcd878854e7033ef66e3AEAc,1
0x17F97150a7c13697725d4874F1E966d64bfd3dCf,1
0x17f43f532b3F91c1628Ff513290e730446Cb9355,1
0x17f17D488F548E0E894b967e804f67c28699E558,1
0x17d518736Ee9341dcDc0A2498e013D33CFCDD080,1
0x17d444E42f67799C0768FcbF048cF002c4E5Bc2B,1
0x178e3Ce9864496df679575ce7B1892b17d8b5Bbf,1
0x178A71D79A921D865C226cA93bE8A8778A3E3b31,1
0x17352485A7B4533AFEc62dA15d492579BB83776e,1
0x17316eE66C50Cc4b807FDC5E940F89a97c9C3282,1
0x16C8387D21514dE3889b126ba1D565b1B090Bd01,1
0x168F87fBfe36B84E44B9d06278B2aA1CC73d7400,1
0x167C63274Ac6BC7DF50bdfA414dDa2108C88feAc,1
0x1672EdcFFE31aDfE3C9283506578E7bDdC4B9134,1
0x1666DF4981d2E27757c0831a3D421a0dC12D8c53,1
0x16504b3a9390C57BFa8Cc7Fe55f0C8Cc33200D0F,1
0x1634B81565F5BCED47858519d7C47Fbfdb1ce743,1
0x161068E4f775Ef82001B7Ea90f900DC776F91B28,1
0x15f31e1315196A104EEaeF2D575e327FbE9C7ffF,1
0x15A712951A27c681194AF8A65893B414164fe3Cb,1
0x155A53d0c1b8B4Aa0AE77116F968BCA8c8e7230d,1
0x14dD16D788da536A217e47324393E95c9d043099,1
0x14B53A26Ac20eDC6298aaA9035256c4727A3086B,1
0x14A0735652130582bC50d633A72f4754f37347b0,1
0x1412729138834ffa100473cc7a749C7d17fb73b6,1
0x13Ebe6F209c1aFC970Ec25eCC7832A959ECE0D4A,1
0x13DC53A61B5933FE5DC2A05fde2F9247561BB530,1
0x13CCab726695c1cF0212D08a8CA09fCc6778e650,1
0x13A5118E2d03a3F839C6f5764545c4A2E667eAB0,1
0x1341df844780b66AF4ccC98Ae0F34be87eABe1d5,1
0x132e55dc6cd26F5eb3233928edF0F682d8abffB4,1
0x132d50f1B98B9372e799a3F40a8Dac4215A28327,1
0x130C82dbb494cF131f8884e4770BfA30Be3416B8,1
0x12d244711A7b3Af55058549f6599a4603C8DEeDA,1
0x129Ba4387833448530E99e722Db6CD91552E050a,1
0x12539cF92b17E72C513FBEa0eA84742018D01C4d,1
0x123C6D7D6d0A15BcCf7204bb5F5Dd6eaAFb8871E,1
0x122De050Bba62f29f18d0DE04c72803242B77209,1
0x121E1573B7C6c15Aa4C036d54BFd2974Cf38a163,1
0x121bb05831125D628459fc76BB16ac92aF3eeA84,1
0x11B9dd6d3129Eb740011b1A948aDCbCB67758a10,1
0x11b7246173E16F8C10b07d04b719E48282EBe2Cd,1
0x119334c3f45a0764a51F34fB761d5a2d874D66A3,1
0x114d10A2FfFa9aE13A273bBc01307e2DD57E347f,1
0x1116392D2655c7bd7120f05D9ABe8b352a8904A3,1
0x10de1012F65C0B18753c374138f2354942ef9FAD,1
0x1084577B94A412AC182434b37D3B07B3319580d5,1
0x107A4596C5664FdDd918fBD2605e69fEae5FB4c6,1
0x10701840A201f2DC62E34e872f5EE74a1978b2C4,1
0x1060e3591850C16c0a0270C303dFC7081f5Aa67d,1
0x101b18aaA9712aF949f15952c6BC3CD803D815f3,1
0x100D5164fc8c65dF61FEA01330948f435bb12100,1
0x1001d2b323c5d6bD07405137347A633c658B5190,1
0x0fEB932dea33e50fc120E2E328BD6aB83CA3e325,1
0x0fb20260d3E8b9D3023Ca3A5d3423Da7C316e6a8,1
0x0F8dD157DF75a2Bea2212458Fd674190E271D545,1
0x0F75E6b951E182B34BDFAe58304A6b4ad6aAc27A,1
0x0f291E90B3c8787c2C44E5f520CF237c234d9Dc8,1
0x0F2466A3bF0d02A536F3d4A6f250eeD44AB2c577,1
0x0ecB48ca7CfD55348754Bae05C3F5B73B5cF667B,1
0x0E9B063789909565CEdA1Fba162474405A151E66,1
0x0e8BB213b61b740A4CE5F8b59BcbbDc05AEcd615,1
0x0e073678D8d3ab0aD98CCdb1D91c9535910f8FaB,1
0x0dF8D763Cf1AFC313e982C463a9b3Eefb2bB02be,1
0x0dcd149D8a0Bd20305E848DEc11E7A568f7B9209,1
0x0dC89D5CFb8b4dfE0021C5F2F457689587ddCAEC,1
0x0dc3D2b13EbA5C6B66bc87a3CD9db8Aa19069E83,1
0x0DB63feC90C224511ed9b0C5f12bc7F2A15192F5,1
0x0D2349e291A9e0Bb755bFFA4097E6D378A72330B,1
0x0ceA26Bc36eD5c58D3830e670EE1b0b9e72AC37f,1
0x0ce17eB3DBCa900b4bB585711AeaB365e282c670,1
0x0C918B6E691432775A0630aa3DC505a9464D1aAb,1
0x0c4EC2613245Ca80a34a534500ded1bF061E0885,1
0x0c47c5F0d8AA01470095149A63ee69cb60ada1b1,1
0x0C46605590D6579C7A1E360a709C658a6890404A,1
0x0c2346BE927E80B7b17a46A7D3e4aB739B79Db04,1
0x0C07fC4F70348C5DE11cA5C1b99318EC7ABeB4CA,1
0x0BE61dE186687c4E16F3651704Efe91bFB951000,1
0x0bcc3D5378cEEAFC52156fE4ef8b41C3dBbd055C,1
0x0Bbef8dB18D03EeABf38A835B6601733593794f1,1
0x0BA8E54A58E1D01f499b34065F9c278989701a7d,1
0x0B96940D7409FA9b5E5d86F03c4847Ef5b97746B,1
0x0b801fb4C023FC588E855789fa98dfBE36641252,1
0x0B4678CE83DCEe44cBb31295e635B915fD03499A,1
0x0Ad50C58D425a264105D826f65E9db156BD864bb,1
0x0A8e938779B7a6C7d98941fB2C1fa4fCEC2D55a0,1
0x0A6F2F5aD8954EdbaDfDb508e599cd26AB668B97,1
0x0A5aBC4eEF196994abb9cd34fa8FE9229Ce53e4f,1
0x0A3D9d1743833bC28b3fAcfb4b00eC259A7B5Fff,1
0x0a2427Fa7F2a56caB87708f830f5801c1c09Ddc7,1
0x09fBd9CaF3eD23A816661aD4ad6A7c6b36F4f8dA,1
0x09F213953D92F865b949B3E39b9dcFaE687d4966,1
0x09Eaa2C6823355eB806aC64cedBE642EeBfcc0a1,1
0x09C4929482cac3f214cDB0e36851a37ad9f1aAAF,1
0x09a5943a6d10919571eE2C9F63380aEA747ECA97,1
0x09a4E26d69821EDEffa5Eb29f134D0d8cad8EfC4,1
0x093e487f6Ec8b64C8fc9ef34bF3635C8A53E1513,1
0x09218Ea2A18835460dea2bA4b460d94f62951875,1
0x091e5780009f074C6eDe9E25409299c51385aE4D,1
0x08e9daaE1d5aCc897d79eC8d5b4fB2E159f37712,1
0x08c5aea9F99f0A3c580Ff2D68B35616475151dA3,1
0x08923276D4C80282b56Bf41d9204914075d48C72,1
0x0870Ee957617f1AE55bC2a1c92ed2a98348B2ab5,1
0x07F646cE74932688d287F1aCDa9C6AF37ae8107e,1
0x07Dd47F0b09938E74B535174Aa1480102E1422FA,1
0x078D241DBE88c96D02e69cEE7e13BE12b3612205,1
0x0783D9278E6f685274a49c1558b38231cCb3DE18,1
0x07793e7Fb9D941668395C94f43dE18e174BC3faB,1
0x0775F7C8B3655ef66dCD1D7Fa002F7753E59939E,1
0x07218767dBbC42ddDa9193c44f25713e4B4550a4,1
0x070af5F01338B52De6899600FC62Bd316b98b046,1
0x06E3E1b6607Ad34B7cc6fd7826eEC0fF1592FC79,1
0x06a1E61244E6A55FD52375b3faB913Af9249952b,1
0x066D22F32E6009DE31435887650C65E6f728D34E,1
0x06170B0ca422E88bda49006b2F97c70F981bf60d,1
0x05c2974d048D90EC5Bfa124B6369396727B900fd,1
0x058d25F3ebAc323790753a03Be63a688739acCDf,1
0x05747fc55e8156F2337a5e525f5c5818BD8f195F,1
0x053276cC8D71430156091ffd6Bb1f94f41c586d5,1
0x050974af4d9a3b280Bc1FCe7Eb172d11DF490837,1
0x04D0A67Aca821a15aA8bf47FF3Eed56a48fE1EeA,1
0x0449E53AA1a3F75133Df621d0ee755D5381A934e,1
0x044582dB57787132D23e76CC79687D5eF1DB1898,1
0x04249c7bf9EBAA94772Bdf3Ba029C3Bd94E99d9A,1
0x04214beAF079B42121baf4F427067B3C4F725cd9,1
0x041EBB58dB319690823589dE26360b84Dc8DBC17,1
0x040a642b223E095C92d6cd383D10cA7361118d16,1
0x03f8914777ddF52B9D06D1E733974B6aB8952306,1
0x03dE10962a59a426ABdD97b6AD54989513BB8210,1
0x03Cd609d7C8C4f436F58e8642Dea529E752DEEa9,1
0x03AB1E5c81C1cBf7487e5D2331d3B7c80b8668b7,1
0x0379ed895F8b2DB1bA771ECDDEE2839E1539fe18,1
0x03573475530679B24c16EBA9461AA71F9E296A8b,1
0x032A7A7E6dD81Ff4aE4A845f229E0Ee54Dd1334B,1
0x0325D1bd0547758E922834f3b5D1bf6Faa946C22,1
0x0312C9733105B0431b410a5Ee8a54a2d6F251f2C,1
0x030050d2353CF2D1798e34a422eAe45d2530d012,1
0x02eE9cdaFa7037aa58cBA48c757F88d5eDa73980,1
0x02Cc8e15220c504BF31D4c531d92bF11cdD28b9C,1
0x028E54C1B0D8d133567da3C68c52a75142053517,1
0x0277Ebb9A9F1151EbE74AC9Acd07829FC415f2c2,1
0x0216A853360deaf8dd3f8DDcc3187DaAfe112686,1
0x01feAC78015114371251E79EC564E8BfD23214A1,1
0x01e07AFEE3a56d16f2BDFbd697E757e1E086bCbD,1
0x01C6fbDaa7264E3A4174b1b66DB3b31BEE20beD3,1
0x019Ed608dD806b80193942F2A960e7AC8aBb2EE3,1
0x019061f6272B28e9d6BaaD2a1D65d0C16Bd8c555,1
0x01851d51932c9Ee38EB791611AC12234aDf72Ba6,1
0x0136B00bE94eD8Ea798F40e37135596337305461,1
0x01362D5923530672D6A887cCdfC8b156cEE97824,1
0x01238bA1B264777c87Bc8e0d1dA19E923A5E178E,1
0x011d67F0c5ebe651493f9d2f1d0d8945BCCac560,1
0x011A8FC358Cba4587E66f464e9aEE0f62c7a647e,1
0x01004bEa6919b67C1475756EA75019F3Bdc40679,1
0x00cDEbc042C87C95e439E1AeFa0Bd3a8014dA577,1
0x00A078d50361281Bef73Fce7BBAf370F5063C9Cd,1
0x0072C37F4bdCfBa172434A306B9AAF1CEFa0D916,1
0x0057DaA842ecC58E67bc629D8550e512Cf3fd3aD,1
0x00517b07DB18A4210276398fe3fab14Dc60F495C,1
0x0019545C100c3441C4E9D40f24478FBFFA53fd8A,1
0x0000006c21964AF0d420af8992851A30fA13c68b,1
